"url","page_type","source","search_intent","in_sitemap","indexable","live_status_checked","issue","recommended_action"
"/","home","physical","navigational","yes","yes","200 OK","FIXED P0: cosmetic domain corrected; demo rates anonymised + labelled illustrative","IMPROVE"
"/about","company","physical","navigational","yes","yes","","","KEEP"
"/contact","conversion","physical","transactional","yes","yes","","","KEEP"
"/how-it-works","company","physical","informational","yes","yes","","","KEEP"
"/boq-audit","service-tool","physical","commercial","yes","yes","","overlaps boq-review-chennai + contractor-quote-review-chennai","IMPROVE"
"/cost-estimator","tool","physical","commercial","yes","yes","","overlaps ai-construction-cost-estimator + construction-cost-estimation-chennai","IMPROVE"
"/plan-review","service","physical","commercial","yes","yes","","overlaps structural-plan-review-chennai + house-plan-review","IMPROVE"
"/property-passport","product","physical","commercial","yes","yes","","","KEEP"
"/properties","marketplace","physical","transactional","yes","yes","","","KEEP"
"/build","hub","physical","commercial","yes","yes","","overlaps construction-in-chennai + service pages","IMPROVE"
"/build/home-construction","service","physical","commercial","yes","yes","","cannibalises home-construction-chennai + house-construction-chennai","MERGE"
"/build/villa-construction","service","physical","commercial","yes","yes","","cannibalises /services/villa-construction; nav links broken /villa-construction","MERGE"
"/build/renovation","service","physical","commercial","yes","yes","","cannibalises renovation-contractors-chennai + renovation-construction","MERGE"
"/build/commercial","service","physical","commercial","no","yes","","cannibalises commercial-construction-chennai","MERGE"
"/build/warranty","info","physical","informational","no","yes","","overlaps warranty-and-maintenance","MERGE"
"/construction-in-chennai","hub","physical","commercial","yes","yes","","cannibalises construction-company-chennai cluster — decide hub vs money page","IMPROVE"
"/end-to-end-construction-support-chennai","service","physical","commercial","yes (duplicated)","yes","","was double-listed in sitemap (FIXED P0: dedupe)","IMPROVE"
"/boq-review-chennai","service","physical","commercial","yes (duplicated)","yes","","duplicate sitemap entry (FIXED P0: dedupe added)","IMPROVE"
"/structural-plan-review-chennai","service","physical","commercial","yes (duplicated)","yes","","duplicate sitemap entry (FIXED P0: dedupe added); overlaps plan-review + house-plan-review","IMPROVE"
"/steel-construction-chennai","service","physical","commercial","yes (duplicated)","yes","","duplicate sitemap entry (FIXED P0: dedupe added)","KEEP"
"/peb-building-contractors-chennai","service","physical","commercial","yes (duplicated)","yes","","duplicate sitemap entry (FIXED P0: dedupe added)","KEEP"
"/industrial-shed-construction-chennai","service","physical","commercial","yes (duplicated)","yes","","duplicate sitemap entry (FIXED P0: dedupe added)","KEEP"
"/boq-review-chennai","service","physical","commercial","yes","yes","","","KEEP"
"/quality-system","product","physical","commercial","yes","yes","","","KEEP"
"/warranty-and-maintenance","info","physical","informational","yes","yes","","overlaps /build/warranty","MERGE"
"/join-as-partner","conversion","physical","transactional","yes","yes","","","KEEP"
"/partner-os","product","physical","commercial","yes","yes","","","KEEP"
"/services","hub","physical","navigational","yes","yes","","","KEEP"
"/guides","hub","physical","informational","yes","yes","","overlaps /resources/guides","MERGE"
"/glossary","hub","physical","informational","yes","yes","","overlaps /resources/glossary","MERGE"
"/faqs","hub","physical","informational","yes","yes","","overlaps /resources/faqs","MERGE"
"/materials","hub","physical","commercial","yes","yes","","","KEEP"
"/locations","hub","physical","navigational","no","yes","","thin index; locations/chennai is real hub","IMPROVE"
"/locations/chennai","local-hub","physical","local-commercial","yes","yes","","","KEEP"
"/ai-tools","hub","physical","commercial","yes","yes","","","KEEP"
"/blog","hub","physical","informational","yes","yes","","","KEEP"
"/case-studies","hub","physical","informational","no","yes","","evidence asset — add to sitemap when populated","IMPROVE"
"/proof","evidence","physical","informational","no","yes","","","KEEP"
"/projects","evidence","physical","informational","no","yes","","","IMPROVE"
"/compare","hub","physical","informational","no","yes","","overlaps /resources/compare","MERGE"
"/specifications","info","physical","informational","yes","yes","","","KEEP"
"/disclaimer","legal","physical","navigational","no","yes","","","KEEP"
"/privacy-policy","legal","physical","navigational","yes","yes","","FIXED P0: hello@buildogram.in","IMPROVE"
"/terms","legal","physical","navigational","yes","yes","","FIXED P0: hello@buildogram.in","IMPROVE"
"/rentals","marketplace","physical","transactional","no","yes","","","IMPROVE"
"/resources","hub","physical","informational","no","yes","","duplicate resource tree — consolidate with /guides /faqs /glossary","MERGE"
"/maintenance","service","physical","commercial","yes","yes","","","KEEP"
"/review/contractor-quote","tool","physical","commercial","no","yes","","overlaps boq-audit + contractor-quote-review-chennai","MERGE"
"/review/hidden-costs","info","physical","informational","no","yes","","","IMPROVE"
"/review/specifications","info","physical","informational","no","yes","","","IMPROVE"
"/home-construction-chennai","service","[serviceSlug] dynamic","local-commercial","yes","yes","","stats bar claims removed (FIXED P0 per owner decisions)","KEEP"
"/house-construction-chennai","service","[serviceSlug] dynamic","local-commercial","yes","yes","","overlaps home-construction-chennai — SERP likely identical","IMPROVE"
"/residential-construction-chennai","service","[serviceSlug] dynamic","local-commercial","yes","yes","","stats bar claims removed (FIXED P0 per owner decisions)","KEEP"
"/commercial-construction-chennai","service","[serviceSlug] dynamic","local-commercial","yes","yes","","stats bar claims removed (FIXED P0 per owner decisions)","KEEP"
"/turnkey-construction-chennai","service","[serviceSlug] dynamic","local-commercial","yes","yes","","stats bar claims removed (FIXED P0 per owner decisions)","KEEP"
"/renovation-contractors-chennai","service","[serviceSlug] dynamic","local-commercial","yes","yes","","stats bar claims removed (FIXED P0 per owner decisions)","KEEP"
"/construction-company-chennai","service","[serviceSlug] dynamic","local-commercial","yes","yes","","overlaps builders-in-chennai + construction-in-chennai","IMPROVE"
"/construction-project-management-chennai","service","[serviceSlug] dynamic","local-commercial","yes","yes","","stats bar claims removed (FIXED P0 per owner decisions)","KEEP"
"/builders-in-chennai","service","[serviceSlug] dynamic","local-commercial","yes","yes","","stats bar claims removed (FIXED P0 per owner decisions)","KEEP"
"/construction-cost-estimation-chennai","service","[serviceSlug] dynamic","local-commercial","yes","yes","","stats bar claims removed (FIXED P0 per owner decisions)","KEEP"
"/contractor-quote-review-chennai","service","[serviceSlug] dynamic","local-commercial","yes","yes","","stats bar claims removed (FIXED P0 per owner decisions)","KEEP"
"/quality-inspection-chennai","service","[serviceSlug] dynamic","local-commercial","yes","yes","","stats bar claims removed (FIXED P0 per owner decisions)","KEEP"
"/site-supervision-chennai","service","[serviceSlug] dynamic","local-commercial","yes","yes","","duplicate SERVICES entry (FIXED P0: removed)","IMPROVE"
"/structural-audit-chennai","service","[serviceSlug] dynamic","local-commercial","yes","yes","","thin body (H1+FAQ only in SSR text); Certified claim unverified","IMPROVE"
"/building-structural-audit-chennai","service","[serviceSlug] dynamic","local-commercial","yes","yes","","nav labels it Residential audit while residential-structural-audit-chennai also exists","IMPROVE"
"/commercial-structural-audit-chennai","service","[serviceSlug] dynamic","local-commercial","yes","yes","","stats bar claims removed (FIXED P0 per owner decisions)","KEEP"
"/old-building-structural-audit-chennai","service","[serviceSlug] dynamic","local-commercial","yes","yes","","stats bar claims removed (FIXED P0 per owner decisions)","KEEP"
"/residential-structural-audit-chennai","service","[serviceSlug] dynamic","local-commercial","yes","yes","","stats bar claims removed (FIXED P0 per owner decisions)","KEEP"
"/building-crack-inspection-chennai","service","[serviceSlug] dynamic","local-commercial","yes","yes","","stats bar claims removed (FIXED P0 per owner decisions)","KEEP"
"/construction-layout-marking-chennai","service","[serviceSlug] dynamic","local-commercial","yes","yes","","stats bar claims removed (FIXED P0 per owner decisions)","KEEP"
"/land-survey-chennai","service","[serviceSlug] dynamic","local-commercial","yes","yes","","stats bar claims removed (FIXED P0 per owner decisions)","KEEP"
"/drone-survey-chennai","service","[serviceSlug] dynamic","local-commercial","yes","yes","","stats bar claims removed (FIXED P0 per owner decisions)","KEEP"
"/dgps-survey-chennai","service","[serviceSlug] dynamic","local-commercial","yes","yes","","stats bar claims removed (FIXED P0 per owner decisions)","KEEP"
"/topographic-survey-chennai","service","[serviceSlug] dynamic","local-commercial","yes","yes","","stats bar claims removed (FIXED P0 per owner decisions)","KEEP"
"/total-station-survey-chennai","service","[serviceSlug] dynamic","local-commercial","yes","yes","","stats bar claims removed (FIXED P0 per owner decisions)","KEEP"
"/contour-survey-chennai","service","[serviceSlug] dynamic","local-commercial","yes","yes","","stats bar claims removed (FIXED P0 per owner decisions)","KEEP"
"/pile-point-marking-chennai","service","[serviceSlug] dynamic","local-commercial","yes","yes","","stats bar claims removed (FIXED P0 per owner decisions)","KEEP"
"/pile-foundation-contractors-chennai","service","[serviceSlug] dynamic","local-commercial","yes","yes","","stats bar claims removed (FIXED P0 per owner decisions)","KEEP"
"/pile-load-test-chennai","service","[serviceSlug] dynamic","local-commercial","yes","yes","","stats bar claims removed (FIXED P0 per owner decisions)","KEEP"
"/pile-integrity-test-chennai","service","[serviceSlug] dynamic","local-commercial","yes","yes","","stats bar claims removed (FIXED P0 per owner decisions)","KEEP"
"/dynamic-pile-load-test-chennai","service","[serviceSlug] dynamic","local-commercial","yes","yes","","stats bar claims removed (FIXED P0 per owner decisions)","KEEP"
"/plate-load-test-chennai","service","[serviceSlug] dynamic","local-commercial","yes","yes","","stats bar claims removed (FIXED P0 per owner decisions)","KEEP"
"/bored-cast-in-situ-piles-chennai","service","[serviceSlug] dynamic","local-commercial","yes","yes","","stats bar claims removed (FIXED P0 per owner decisions)","KEEP"
"/dmc-piling-contractors-chennai","service","[serviceSlug] dynamic","local-commercial","yes","yes","","stats bar claims removed (FIXED P0 per owner decisions)","KEEP"
"/micro-piling-contractors-chennai","service","[serviceSlug] dynamic","local-commercial","yes","yes","","stats bar claims removed (FIXED P0 per owner decisions)","KEEP"
"/ndt-testing-chennai","service","[serviceSlug] dynamic","local-commercial","yes","yes","","stats bar claims removed (FIXED P0 per owner decisions)","KEEP"
"/soil-testing-chennai","service","[serviceSlug] dynamic","local-commercial","yes","yes","","stats bar claims removed (FIXED P0 per owner decisions)","KEEP"
"/soil-investigation-chennai","service","[serviceSlug] dynamic","local-commercial","yes","yes","","overlaps soil-testing-chennai — same intent","IMPROVE"
"/rebound-hammer-test-chennai","service","[serviceSlug] dynamic","local-commercial","yes","yes","","stats bar claims removed (FIXED P0 per owner decisions)","KEEP"
"/upv-test-chennai","service","[serviceSlug] dynamic","local-commercial","yes","yes","","stats bar claims removed (FIXED P0 per owner decisions)","KEEP"
"/core-test-concrete-chennai","service","[serviceSlug] dynamic","local-commercial","yes","yes","","stats bar claims removed (FIXED P0 per owner decisions)","KEEP"
"/rebar-scanning-chennai","service","[serviceSlug] dynamic","local-commercial","yes","yes","","stats bar claims removed (FIXED P0 per owner decisions)","KEEP"
"/why-vs-aggregators","service","[serviceSlug] dynamic","comparison","yes","yes","","very thin (646 chars data)","IMPROVE"
"/why-vs-mason","service","[serviceSlug] dynamic","comparison","yes","yes","","very thin (754 chars data)","IMPROVE"
"/steel-fabrication-contractors-chennai","service","serviceHubs.js (no renderer)","local-commercial","yes","301 → /steel-construction-chennai; removed from sitemap (FIXED P0)","404 confirmed","sitemap lists 404 URL","CREATE or REMOVE from sitemap (P0)"
"/warehouse-steel-building-chennai","service","serviceHubs.js (no renderer)","local-commercial","yes","301 → /industrial-shed-construction-chennai; removed from sitemap (FIXED P0)","404 confirmed","sitemap lists 404 URL","CREATE or REMOVE from sitemap (P0)"
"/factory-shed-construction-chennai","service","serviceHubs.js (no renderer)","local-commercial","yes","301 → /industrial-shed-construction-chennai; removed from sitemap (FIXED P0)","404 confirmed","sitemap lists 404 URL","CREATE or REMOVE from sitemap (P0)"
"/villa-construction","service","Navbar link only","commercial","no","301 → /build/villa-construction (FIXED P0)","404 confirmed","broken nav link; content exists at /services/villa-construction and /build/villa-construction","REDIRECT (P0)"
"/apartment-structural-audit-chennai","service","Navbar link only","local-commercial","no","301 → /structural-audit-chennai (FIXED P0)","404 confirmed","broken nav link sitewide","CREATE or fix link (P0)"
"/material-quotes","conversion","Navbar link only","transactional","no","301 → /materials/request-quote (FIXED P0)","404 confirmed","broken nav link; real route /materials/request-quote","REDIRECT (P0)"
"/materials/ready-mix-concrete","material","Navbar link only","commercial","no","301 → /materials/rmc (FIXED P0)","404 confirmed","broken nav link; real route /materials/rmc","REDIRECT (P0)"
"/services/house-construction","service","services/[slug] (seo data)","commercial","yes","yes (P0: async-params 404 bug fixed — now renders)","","CANNIBALISES -chennai service pages with same topics","MERGE/REDIRECT into -chennai pages"
"/services/villa-construction","service","services/[slug] (seo data)","commercial","yes","yes (P0: async-params 404 bug fixed — now renders)","","CANNIBALISES -chennai service pages with same topics","MERGE/REDIRECT into -chennai pages"
"/services/residential-construction","service","services/[slug] (seo data)","commercial","yes","yes (P0: async-params 404 bug fixed — now renders)","","CANNIBALISES -chennai service pages with same topics","MERGE/REDIRECT into -chennai pages"
"/services/duplex-house-construction","service","services/[slug] (seo data)","commercial","yes","yes (P0: async-params 404 bug fixed — now renders)","","CANNIBALISES -chennai service pages with same topics","MERGE/REDIRECT into -chennai pages"
"/services/construction-project-management","service","services/[slug] (seo data)","commercial","yes","yes (P0: async-params 404 bug fixed — now renders)","","CANNIBALISES -chennai service pages with same topics","MERGE/REDIRECT into -chennai pages"
"/services/quality-inspection","service","services/[slug] (seo data)","commercial","yes","yes (P0: async-params 404 bug fixed — now renders)","","CANNIBALISES -chennai service pages with same topics","MERGE/REDIRECT into -chennai pages"
"/services/site-supervision","service","services/[slug] (seo data)","commercial","yes","yes (P0: async-params 404 bug fixed — now renders)","","CANNIBALISES -chennai service pages with same topics","MERGE/REDIRECT into -chennai pages"
"/services/construction-consultation","service","services/[slug] (seo data)","commercial","yes","yes (P0: async-params 404 bug fixed — now renders)","","CANNIBALISES -chennai service pages with same topics","MERGE/REDIRECT into -chennai pages"
"/services/renovation-construction","service","services/[slug] (seo data)","commercial","yes","yes (P0: async-params 404 bug fixed — now renders)","","CANNIBALISES -chennai service pages with same topics","MERGE/REDIRECT into -chennai pages"
"/services/home-construction-for-rental-income","service","services/[slug] (seo data)","commercial","yes","yes (P0: async-params 404 bug fixed — now renders)","","CANNIBALISES -chennai service pages with same topics","MERGE/REDIRECT into -chennai pages"
"/services/home-construction-for-resale-value","service","services/[slug] (seo data)","commercial","yes","yes (P0: async-params 404 bug fixed — now renders)","","CANNIBALISES -chennai service pages with same topics","MERGE/REDIRECT into -chennai pages"
"/services/turnkey-construction","service","services/[slug] (seo data)","commercial","yes","yes (P0: async-params 404 bug fixed — now renders)","","CANNIBALISES -chennai service pages with same topics","MERGE/REDIRECT into -chennai pages"
"/services/boq-review","service","services/[slug] (seo data)","commercial","yes","yes (P0: async-params 404 bug fixed — now renders)","","CANNIBALISES -chennai service pages with same topics","MERGE/REDIRECT into -chennai pages"
"/services/house-plan-review","service","services/[slug] (seo data)","commercial","yes","yes (P0: async-params 404 bug fixed — now renders)","","CANNIBALISES -chennai service pages with same topics","MERGE/REDIRECT into -chennai pages"
"/services/construction-cost-consultation","service","services/[slug] (seo data)","commercial","yes","yes (P0: async-params 404 bug fixed — now renders)","","CANNIBALISES -chennai service pages with same topics","MERGE/REDIRECT into -chennai pages"
"/materials/cement","material","physical","commercial","yes","yes","","","KEEP"
"/materials/tmt-steel","material","physical","commercial","yes","yes","","","KEEP"
"/materials/msand-psand","material","physical","commercial","yes","yes","","","KEEP"
"/materials/bricks-aac-blocks","material","physical","commercial","yes","yes","","","KEEP"
"/materials/rmc","material","physical","commercial","yes","yes","","nav links non-existent ready-mix-concrete instead","KEEP"
"/materials/waterproofing","material","physical","commercial","yes","yes","","","KEEP"
"/materials/electrical","material","physical","commercial","yes","yes","","","KEEP"
"/materials/plumbing","material","physical","commercial","yes","yes","","","KEEP"
"/materials/fabrication-steel","material","physical","commercial","yes","yes","","","KEEP"
"/materials/piling-foundation-materials","material","physical","commercial","no","yes","","","KEEP"
"/materials/finishing-materials","material","physical","commercial","no","yes","","","KEEP"
"/materials/network","material","physical","commercial","no","yes","","","KEEP"
"/materials/request-quote","material","physical","commercial","no","yes","","","KEEP"
"/materials/bricks","material","physical","commercial","no","yes","","overlaps bricks-aac-blocks","KEEP"
"/materials/sand","material","physical","commercial","no","yes","","overlaps msand-psand","KEEP"
"/materials/steel","material","physical","commercial","no","yes","","overlaps tmt-steel + fabrication-steel","KEEP"
"/materials/tiles","material","physical","commercial","no","yes","","","KEEP"
"/materials/electrical-plumbing","material","physical","commercial","no","yes","","overlaps electrical + plumbing","KEEP"
"/guides/[slug] x22","guide","data/seo/guides.js","informational","yes","yes","","several dated 2025 refs — freshness audit needed","IMPROVE"
"/glossary/[term] x26","glossary","data/seo/glossary.js","informational","yes","yes","","","KEEP"
"/faqs/[category] x10","faq","data/seo/faqs.js","informational","yes","yes","","","KEEP"
"/compare/[slug] x5","comparison","data/seo/comparisons.js","informational","yes","yes","","","KEEP"
"/locations/chennai/[area] x28","local","data/seo/areas.js + content-length sanity check (not an indexing qualification; P1 evaluation pending)","local-commercial","length-checked","length-checked (noindex below threshold) — content-quality/indexability approval PENDING P1","","soil/flood/cost claims per area need evidence review","IMPROVE"
"/locations/chennai/[area]/[service] x up to 616","local-service","areas x localServices programmatic","local-commercial","length-checked","length-checked (noindex below threshold) — content-quality/indexability approval PENDING P1","","LARGE programmatic surface — verify actual indexable count + uniqueness","NEEDS BUSINESS VERIFICATION"
"/partners/[slug] + category pages","directory","physical + DB","commercial","partial","yes","","Verified claims require documented verification process","NEEDS BUSINESS VERIFICATION"
"/ai-* tool pages x10","tool","physical","commercial","yes","yes","","","KEEP"
"/blog/[slug]","article","DB (blog_posts)","informational","dynamic","yes","","","KEEP"
"/case-studies/[slug]","evidence","DB","informational","dynamic","yes","","","IMPROVE"