URL,claim,standard,standard edition,source,reviewer,review date,status,risk,required action
/about,"description: 'Civil & structural engineer specialised in foundation design, pile dynamics, and Chennai soil profiles. Oversees all geotechnical checks and IS code compliance.',",IS code,Unknown,Codebase,Pending Review,,Unverified,High,Needs Engineering Sign-off
/about,"{ year: '2024', event: 'Expanded to NDT Testing & Pile Foundation Services', detail: 'Added Non-Destructive Testing (NDT) for structural audits and specialized pile foundation design for Chennai\'s challenging coastal soil conditions.' },",NDT,Unknown,Codebase,Pending Review,,Unverified,High,Needs Engineering Sign-off
/about,"description: 'Buildogram is founded by civil and structural engineers from Chennai. We provide independent BOQ review, structural audits, site supervision, and permanent property documentation.',",structural audit,Unknown,Codebase,Pending Review,,Unverified,High,Needs Engineering Sign-off
/ai/site-assistant,"processSteps={[{""step"":""01"",""title"":""Ask a Question"",""desc"":""e.g., \""What is the mix ratio for M25 concrete?\""""},{""step"":""02"",""title"":""Instant Answer"",""desc"":""Get answers based on IS Codes (Indian Standard Codes).""}]}",IS code,Unknown,Codebase,Pending Review,,Unverified,High,Needs Engineering Sign-off
/ai/site-assistant,"processSteps={[{""step"":""01"",""title"":""Ask a Question"",""desc"":""e.g., \""What is the mix ratio for M25 concrete?\""""},{""step"":""02"",""title"":""Instant Answer"",""desc"":""Get answers based on IS Codes (Indian Standard Codes).""}]}",Indian Standard,Unknown,Codebase,Pending Review,,Unverified,High,Needs Engineering Sign-off
/ai-floor-plan-creator,"serviceDetails={[{""title"":""Vastu Presets"",""desc"":""Generate layouts that adhere to basic Vastu principles.""},{""title"":""Setback Calculations"",""desc"":""Automatically leaving space for CMDA rules.""}]}",CMDA,Unknown,Codebase,Pending Review,,Unverified,High,Needs Engineering Sign-off
/ai-material-estimator,"'Calculate exact material quantities for your Chennai construction project. AI-estimated cement bags, TMT steel MT, brick count and more. Based on IS codes. Updated July 2026.',",IS code,Unknown,Codebase,Pending Review,,Unverified,High,Needs Engineering Sign-off
/ai-material-estimator,"{ name: 'UPVC Windows', qty: '420 sqft', icon: '🪟' },",UPV,Unknown,Codebase,Pending Review,,Unverified,High,Needs Engineering Sign-off
/ai-property-passport-assistant/PropertyPassportClient.jsx,"checklist.push(""Request the CMDA/DTCP Completion Certificate"");",CMDA,Unknown,Codebase,Pending Review,,Unverified,High,Needs Engineering Sign-off
/ai-property-passport-assistant/PropertyPassportClient.jsx,"checklist.push(""Request the CMDA/DTCP Completion Certificate"");",DTCP,Unknown,Codebase,Pending Review,,Unverified,High,Needs Engineering Sign-off
/ai-property-passport-assistant/PropertyPassportClient.jsx,"warnings.push(""For completed properties, it is very hard to verify what is inside the walls or under the ground without Non-Destructive Testing (NDT)."");",NDT,Unknown,Codebase,Pending Review,,Unverified,High,Needs Engineering Sign-off
/ai-structural-audit-intake,"q: 'Is the audit report accepted for CMDA regularization?',",CMDA,Unknown,Codebase,Pending Review,,Unverified,High,Needs Engineering Sign-off
/ai-structural-audit-intake,"title: 'AI Structural Audit Intake | Prepare Your Building Audit Brief | Buildogram',",structural audit,Unknown,Codebase,Pending Review,,Unverified,High,Needs Engineering Sign-off
/ai-structural-audit-intake,"brief: 'Recommend: Visual inspection + Rebound Hammer Test on beams/columns + UPV Test on slab + Carbonation Depth Test',",UPV,Unknown,Codebase,Pending Review,,Unverified,High,Needs Engineering Sign-off
/ai-structural-audit-intake,"brief: 'Recommend: Visual inspection + Rebound Hammer Test on beams/columns + UPV Test on slab + Carbonation Depth Test',",rebound hammer,Unknown,Codebase,Pending Review,,Unverified,High,Needs Engineering Sign-off
/ai-structural-audit-intake/StructuralAuditClient.jsx,"title=""AI Structural Audit Intake""",structural audit,Unknown,Codebase,Pending Review,,Unverified,High,Needs Engineering Sign-off
/ai-structural-audit-intake/StructuralAuditClient.jsx,"infoNote: ""This initial assessment helps our structural engineers prepare the right diagnostic tools (e.g., rebound hammer, rebar locator) for your site visit.""",rebound hammer,Unknown,Codebase,Pending Review,,Unverified,High,Needs Engineering Sign-off
/ai-survey-requirement-builder,"q: 'Do I need a survey before applying for CMDA plan approval?',",CMDA,Unknown,Codebase,Pending Review,,Unverified,High,Needs Engineering Sign-off
/ai-survey-requirement-builder,"'Answer 5 questions and our AI tells you exactly which land survey you need for your Chennai plot — DGPS, Drone, Topographic or Layout Marking. Updated July 2026.',",DGPS,Unknown,Codebase,Pending Review,,Unverified,High,Needs Engineering Sign-off
/ai-survey-requirement-builder/SurveyRequirementClient.jsx,"if (formData.purpose === 'cmda_approval') {",CMDA,Unknown,Codebase,Pending Review,,Unverified,High,Needs Engineering Sign-off
/ai-survey-requirement-builder/SurveyRequirementClient.jsx,"<option value=""cmda_approval"">CMDA / DTCP Building Approval</option>",DTCP,Unknown,Codebase,Pending Review,,Unverified,High,Needs Engineering Sign-off
/ai-survey-requirement-builder/SurveyRequirementClient.jsx,"requiredSurvey = ""DGPS + Total Station Survey"";",DGPS,Unknown,Codebase,Pending Review,,Unverified,High,Needs Engineering Sign-off
/ai-tools,"tags: ['85+ Materials', 'IS Code Based', 'Procurement Ready'],",IS code,Unknown,Codebase,Pending Review,,Unverified,High,Needs Engineering Sign-off
/ai-tools,"tags: ['320+ Audits', 'Licensed Engineers', 'CMDA Compliant'],",CMDA,Unknown,Codebase,Pending Review,,Unverified,High,Needs Engineering Sign-off
/ai-tools,"title: 'AI Structural Audit Intake',",structural audit,Unknown,Codebase,Pending Review,,Unverified,High,Needs Engineering Sign-off
/ai-tools,"desc: 'Not sure which survey you need — DGPS, Drone, or Topographic? Answer 5 questions and get an exact survey scope with deliverables list.',",DGPS,Unknown,Codebase,Pending Review,,Unverified,High,Needs Engineering Sign-off
/api/ai/boq-draft/route.js,"missingItems.push('Soil testing & structural design fees explicitly mentioned');",soil testing,Unknown,Codebase,Pending Review,,Unverified,High,Needs Engineering Sign-off
/api/boq-calculator/demo/route.js,"upvcWindowsSqft:     0,           // auto from brickwork windows",UPV,Unknown,Codebase,Pending Review,,Unverified,High,Needs Engineering Sign-off
/api/leads/route.js,"survey_type: leadType === 'soil' ? 'Soil Testing' : body.formData?.surveyType,",soil testing,Unknown,Codebase,Pending Review,,Unverified,High,Needs Engineering Sign-off
/api/ops/seed-partners/route.js,"certifications: ['BIS Certified IS 14665', 'CMDA Approved'],",CMDA,Unknown,Codebase,Pending Review,,Unverified,High,Needs Engineering Sign-off
/api/ops/seo/rankings/route.js,"'soil testing chennai',",soil testing,Unknown,Codebase,Pending Review,,Unverified,High,Needs Engineering Sign-off
/api/ops/seo/rankings/route.js,"'structural audit chennai',",structural audit,Unknown,Codebase,Pending Review,,Unverified,High,Needs Engineering Sign-off
/blog,"tags: ['Structural Audit', 'Safety', 'NDT'],",NDT,Unknown,Codebase,Pending Review,,Unverified,High,Needs Engineering Sign-off
/blog,"description: 'Expert articles on home construction, BOQ, material quality, structural audits and property investment in Chennai — written by Buildogram structural engineers.',",structural audit,Unknown,Codebase,Pending Review,,Unverified,High,Needs Engineering Sign-off
/boq-calculator,"[`Grand Total (${result.mode === 'excel' ? 'Excel' : 'Turnkey'})`, fc(result.grandTotal || result.buildingEstimate), 'linear-gradient(135deg,#FFB347,#FC6E20)', 'white'],",NDT,Unknown,Codebase,Pending Review,,Unverified,High,Needs Engineering Sign-off
/boq-calculator,"const [premiumItems, setPremiumItems] = useState({ compoundWallLength: '', numBathrooms: 3, electricalPoints: '', numOHTanks: 1, borewellDepth: '', kitchenPlatformRM: '', bbsSteelOverride: '', upvcWindowsSqft: '', contingencyPct: 5, prelimsPct: 3 });",UPV,Unknown,Codebase,Pending Review,,Unverified,High,Needs Engineering Sign-off
/build/commercial,"description: ""Professional commercial services via Buildogram, the AI-driven, engineer-led construction and property ecosystem. We handle BOQ review, structural audit, survey, testing, and piling."",",structural audit,Unknown,Codebase,Pending Review,,Unverified,High,Needs Engineering Sign-off
/build/home-construction,"description: ""Professional home construction services via Buildogram, the AI-driven, engineer-led construction and property ecosystem. We handle BOQ review, structural audit, survey, testing, and piling."",",structural audit,Unknown,Codebase,Pending Review,,Unverified,High,Needs Engineering Sign-off
/build/renovation,"description: ""Professional renovation services via Buildogram, the AI-driven, engineer-led construction and property ecosystem. We handle BOQ review, structural audit, survey, testing, and piling."",",structural audit,Unknown,Codebase,Pending Review,,Unverified,High,Needs Engineering Sign-off
/build/villa-construction,"description: ""Professional villa construction services via Buildogram, the AI-driven, engineer-led construction and property ecosystem. We handle BOQ review, structural audit, survey, testing, and piling."",",structural audit,Unknown,Codebase,Pending Review,,Unverified,High,Needs Engineering Sign-off
/build/warranty,"description: ""Professional warranty services via Buildogram, the AI-driven, engineer-led construction and property ecosystem. We handle BOQ review, structural audit, survey, testing, and piling."",",structural audit,Unknown,Codebase,Pending Review,,Unverified,High,Needs Engineering Sign-off
/case-studies,"description: 'Real-world results from Buildogram projects — BOQ reviews that saved lakhs, structural audits, NRI-managed builds, and material fraud prevention.',",structural audit,Unknown,Codebase,Pending Review,,Unverified,High,Needs Engineering Sign-off
/case-studies,"outcome: 'UPV testing revealed 40% concrete strength loss in 2 columns. Jacketing performed instead of rebuild.',",UPV,Unknown,Codebase,Pending Review,,Unverified,High,Needs Engineering Sign-off
/construction-in-chennai,"description: ""Expert construction in chennai in Chennai. Trust Buildogram, an AI-driven, engineer-led construction and property ecosystem for structural audit, survey, testing, piling, and Property Passport solutions."",",structural audit,Unknown,Codebase,Pending Review,,Unverified,High,Needs Engineering Sign-off
/construction-in-chennai,"description: 'Expert construction support across Chennai. CMDA approvals, soil testing, BOQ reviews, material sourcing and site supervision — guided by structural engineers.',",CMDA,Unknown,Codebase,Pending Review,,Unverified,High,Needs Engineering Sign-off
/construction-in-chennai,"{ icon: '🔍', name: 'Structural Audit', desc: 'NDT testing, crack assessment, load capacity evaluation', link: '/structural-audit-chennai' },",NDT,Unknown,Codebase,Pending Review,,Unverified,High,Needs Engineering Sign-off
/construction-in-chennai,"description: 'Expert construction support across Chennai. CMDA approvals, soil testing, BOQ reviews, material sourcing and site supervision — guided by structural engineers.',",soil testing,Unknown,Codebase,Pending Review,,Unverified,High,Needs Engineering Sign-off
/construction-in-chennai,"{ icon: '🔍', name: 'Structural Audit', desc: 'NDT testing, crack assessment, load capacity evaluation', link: '/structural-audit-chennai' },",structural audit,Unknown,Codebase,Pending Review,,Unverified,High,Needs Engineering Sign-off
/contact,"{ value: 'soil', label: 'Soil Testing' },",soil testing,Unknown,Codebase,Pending Review,,Unverified,High,Needs Engineering Sign-off
/contact,"{ value: 'audit', label: 'Building Structural Audit' },",structural audit,Unknown,Codebase,Pending Review,,Unverified,High,Needs Engineering Sign-off
/cost-estimator,"description: ""Comprehensive cost estimator services. Buildogram is an AI-driven, engineer-led construction and property ecosystem offering BOQ review, structural audit, survey, testing, and piling."",",structural audit,Unknown,Codebase,Pending Review,,Unverified,High,Needs Engineering Sign-off
/end-to-end-construction-support-chennai,"{ num: '01', title: 'Pre-Construction', desc: 'Soil SBC test coordination, CMDA/DTCP approval guidance, architectural design brief, site measurement.' },",CMDA,Unknown,Codebase,Pending Review,,Unverified,High,Needs Engineering Sign-off
/end-to-end-construction-support-chennai,"{ num: '01', title: 'Pre-Construction', desc: 'Soil SBC test coordination, CMDA/DTCP approval guidance, architectural design brief, site measurement.' },",DTCP,Unknown,Codebase,Pending Review,,Unverified,High,Needs Engineering Sign-off
/end-to-end-construction-support-chennai,"export default function EndToEndConstructionPage() {",NDT,Unknown,Codebase,Pending Review,,Unverified,High,Needs Engineering Sign-off
/faqs,"description: 'Answers from structural engineers on home construction costs, BOQ audits, contractor selection, soil testing, structural audits, Property Passport, and more — specific to Chennai.',",soil testing,Unknown,Codebase,Pending Review,,Unverified,High,Needs Engineering Sign-off
/faqs,"description: 'Answers from structural engineers on home construction costs, BOQ audits, contractor selection, soil testing, structural audits, Property Passport, and more — specific to Chennai.',",structural audit,Unknown,Codebase,Pending Review,,Unverified,High,Needs Engineering Sign-off
/Footer.js,"['NDT Testing', '/ndt-testing-chennai'],",NDT,Unknown,Codebase,Pending Review,,Unverified,High,Needs Engineering Sign-off
/Footer.js,"['Soil Testing', '/soil-testing-chennai'],",soil testing,Unknown,Codebase,Pending Review,,Unverified,High,Needs Engineering Sign-off
/Footer.js,"['Building Structural Audit', '/structural-audit-chennai'],",structural audit,Unknown,Codebase,Pending Review,,Unverified,High,Needs Engineering Sign-off
/guides,"description: 'Expert guides for homeowners: BOQ review, construction cost estimation, contractor selection, structural plan review, soil testing, Property Passport and property maintenance — by Buildogram engineers.',",soil testing,Unknown,Codebase,Pending Review,,Unverified,High,Needs Engineering Sign-off
/how-it-works/HowItWorksClient.jsx,"desc: 'Our design team maps your vision to CMDA/DTCP norms, providing customized 2D layout plans and photorealistic 3D elevations. We configure layouts for natural ventilation, coastal sun heat deflection, and Vaastu.'",CMDA,Unknown,Codebase,Pending Review,,Unverified,High,Needs Engineering Sign-off
/how-it-works/HowItWorksClient.jsx,"desc: 'Our design team maps your vision to CMDA/DTCP norms, providing customized 2D layout plans and photorealistic 3D elevations. We configure layouts for natural ventilation, coastal sun heat deflection, and Vaastu.'",DTCP,Unknown,Codebase,Pending Review,,Unverified,High,Needs Engineering Sign-off
/how-it-works/HowItWorksClient.jsx,"name: 'Plot Audit & Soil Testing',",soil testing,Unknown,Codebase,Pending Review,,Unverified,High,Needs Engineering Sign-off
/how-it-works,"description: ""Comprehensive how it works services. Buildogram is an AI-driven, engineer-led construction and property ecosystem offering BOQ review, structural audit, survey, testing, and piling."",",structural audit,Unknown,Codebase,Pending Review,,Unverified,High,Needs Engineering Sign-off
/industrial-shed-construction-chennai,"{ question: 'What permits do I need for an industrial shed in SIDCO or SIPCOT Chennai?', answer: 'SIDCO plots: prior approval from SIDCO estate office + CMDA/DTCP building plan approval + fire NOC from Tamil Nadu Fire and Rescue Services (for buildings above 500 sqm built-up) + Factories Inspector registration (for manufacturing activity).' },",CMDA,Unknown,Codebase,Pending Review,,Unverified,High,Needs Engineering Sign-off
/industrial-shed-construction-chennai,"{ question: 'What permits do I need for an industrial shed in SIDCO or SIPCOT Chennai?', answer: 'SIDCO plots: prior approval from SIDCO estate office + CMDA/DTCP building plan approval + fire NOC from Tamil Nadu Fire and Rescue Services (for buildings above 500 sqm built-up) + Factories Inspector registration (for manufacturing activity).' },",DTCP,Unknown,Codebase,Pending Review,,Unverified,High,Needs Engineering Sign-off
/industrial-shed-construction-chennai,"{[['/steel-construction-chennai', 'Steel Construction'], ['/peb-building-contractors-chennai', 'PEB Buildings'], ['/pile-foundation-contractors-chennai', 'Pile Foundation'], ['/structural-audit-chennai', 'Structural Audit']].map(([href, label]) => (",structural audit,Unknown,Codebase,Pending Review,,Unverified,High,Needs Engineering Sign-off
/join-as-partner,"{ question: 'Who can join the Buildogram Partner Ecosystem?', answer: 'We welcome Builders, Contractors, Architects, Structural Engineers, Surveyors, Soil/NDT Labs, Piling Contractors, Material Suppliers, Fabricators, Interior Designers, and more.' },",NDT,Unknown,Codebase,Pending Review,,Unverified,High,Needs Engineering Sign-off
/,"description: 'Engineer-led construction intelligence, quality verification and permanent property documentation for Chennai homeowners. Independent BOQ review, structural audits, site supervision and partner coordination.',",structural audit,Unknown,Codebase,Pending Review,,Unverified,High,Needs Engineering Sign-off
/locations/chennai,"<p style={{ fontSize: '14px', color: '#64748B', lineHeight: 1.5, margin: 0 }}>NDT testing and crack inspections for buildings.</p>",NDT,Unknown,Codebase,Pending Review,,Unverified,High,Needs Engineering Sign-off
/locations/chennai,"description: 'Buildogram provides engineer-led construction support across Chennai — BOQ review, structural audits, soil testing, site supervision, and material sourcing. Serving 28 localities.',",soil testing,Unknown,Codebase,Pending Review,,Unverified,High,Needs Engineering Sign-off
/locations/chennai,"title: 'Construction Services in Chennai | BOQ, Structural Audit, Supervision | Buildogram',",structural audit,Unknown,Codebase,Pending Review,,Unverified,High,Needs Engineering Sign-off
/locations,"{ name: 'OMR (Old Mahabalipuram Road)', slug: 'omr', note: 'Sandy loam soil, IT corridor boom zone, CMDA regulated' },",CMDA,Unknown,Codebase,Pending Review,,Unverified,High,Needs Engineering Sign-off
/locations,"{ name: 'ECR (East Coast Road)', slug: 'ecr', note: 'Sandy coastal soil, DTCP zones, sea breeze corrosion risk' },",DTCP,Unknown,Codebase,Pending Review,,Unverified,High,Needs Engineering Sign-off
/locations,"['Soil Testing', '/soil-testing-chennai'],",soil testing,Unknown,Codebase,Pending Review,,Unverified,High,Needs Engineering Sign-off
/locations,"description: 'Buildogram delivers engineer-led home construction, structural audits, land surveys, and material sourcing across all major Chennai localities — OMR, ECR, Anna Nagar, Velachery, Tambaram, Porur, and more.',",structural audit,Unknown,Codebase,Pending Review,,Unverified,High,Needs Engineering Sign-off
/maintenance/request,"description: ""Comprehensive request services. Buildogram is an AI-driven, engineer-led construction and property ecosystem offering BOQ review, structural audit, survey, testing, and piling."",",structural audit,Unknown,Codebase,Pending Review,,Unverified,High,Needs Engineering Sign-off
/materials/electrical-plumbing,"heroSub=""FRLS Wires, CPVC/UPVC Pipes, and Switchgear.""",UPV,Unknown,Codebase,Pending Review,,Unverified,High,Needs Engineering Sign-off
/materials/fabrication-steel,"{ question: 'What does ""IS 2062"" mean?', answer: 'IS 2062 is the Indian Standard for general structural steel. It ensures the steel has a minimum yield stress (usually 250 MPa). If you buy cheaper, non-standard steel, it might snap instead of bending under heavy wind or crane loads.' },",Indian Standard,Unknown,Codebase,Pending Review,,Unverified,High,Needs Engineering Sign-off
/materials/finishing-materials,"const FAQS = [{ question: 'How do I get a material quote?', answer: 'Visit our Request Material Quote page or contact Buildogram with your material requirement, quantity, and delivery location. We will share competitive quotes from verified suppliers.' }, { question: 'Are the materials IS-certified?', answer: 'Yes. All materials in the Buildogram supplier network are expected to meet relevant IS (Indian Standard) specifications. Material Test Certificates (MTC) are available on request.' }, { question: 'Can I get materials delivered to my site?', answer: 'Yes. Our verified suppliers offer site delivery across Chennai. Delivery timelines and minimum order quantities vary by supplier and material type.' }, { question: 'Can I compare rates from multiple suppliers?', answer: 'Yes. Buildogram provides a comparative quote view for key materials so you can make informed decisions on brand and supplier selection.' }];",Indian Standard,Unknown,Codebase,Pending Review,,Unverified,High,Needs Engineering Sign-off
/materials/finishing-materials,"export default function Page() { return ( <><main className='page' style={{ paddingTop: '80px', paddingBottom: '80px' }}><div className='sectionInner'><div style={{ marginBottom: '16px', fontSize: '14px', color: '#64748B' }}><a href='/' style={{ color: '#FC6E20' }}>Home</a> / <a href='/materials' style={{ color: '#FC6E20' }}>Shop Materials</a> / <span style={{ color: '#0F172A', fontWeight: 600 }}>Finishing Materials in Chennai</span></div><h1 style={{ fontSize: '36px', fontWeight: 800, color: '#0F172A', marginBottom: '24px' }}>Finishing Materials in Chennai</h1><AnswerBlock question='What finishing materials are typically required for a residential project?' answer='Residential finishing materials include wall and floor tiles, granite or marble, paints (interior and exterior), wood or UPVC doors and windows, hardware fittings, sanitary ware, lighting fixtures, false ceiling materials, and waterproofing coatings — each specified by brand, grade, and IS standard.' /><div style={{ background: '#F8FAFC', borderRadius: '16px', padding: '32px', margin: '40px 0' }}><h2 style={{ fontSize: '20px', fontWeight: 800, color: '#0F172A', marginBottom: '16px' }}>Why Source Through Buildogram?</h2><ul style={{ listStyle: 'none', padding: 0, display: 'grid', gridTemplateColumns: 'repeat(auto-fill, minmax(240px, 1fr))', gap: '12px' }}>{['Verified supplier network','IS-standard specifications','Transparent rate comparison','Material Test Certificates on request','Site delivery across Chennai','No hidden charges'].map(d => (<li key={d} style={{ display: 'flex', alignItems: 'center', gap: '8px', fontSize: '15px', color: '#374151' }}><span style={{ color: '#10B981', fontWeight: 700 }}>✓</span> {d}</li>))}</ul></div><EntitySummary serviceName='Finishing Materials in Chennai' /><LocalIntentBlock /><FAQBlock title='Frequently Asked Questions' faqs={FAQS} /><div style={{ marginTop: '40px', padding: '24px', background: '#FFF7ED', borderRadius: '12px', border: '1px solid #FED7AA' }}><p style={{ fontWeight: 700, color: '#FC6E20', marginBottom: '12px' }}>Explore More Materials</p><div style={{ display: 'flex', flexWrap: 'wrap', gap: '10px' }}>{[['All Materials','/materials'],['Cement','/materials/cement'],['TMT Steel','/materials/tmt-steel'],['Ready Mix Concrete','/materials/ready-mix-concrete'],['Waterproofing','/materials/waterproofing']].map(([label, href]) => (<Link key={href} href={href} style={{ padding: '8px 16px', background: 'white', border: '1px solid #FED7AA', borderRadius: '100px', color: '#374151', fontSize: '14px', fontWeight: 600, textDecoration: 'none' }}>{label}</Link>))}</div></div><div style={{ marginTop: '32px', textAlign: 'center' }}><Link href='/material-quotes' className='btn btn-primary btn-lg'>Request Material Quote</Link></div></div></main>  <BreadcrumbSchema items={[{""name"":""Home"",""path"":""/""},{""name"":""Materials"",""path"":""/materials""},{""name"":""Finishing Materials Chennai"",""path"":""/materials/finishing-materials""}]} />",UPV,Unknown,Codebase,Pending Review,,Unverified,High,Needs Engineering Sign-off
/materials/msand-psand,"{ title: '1. Silt Content Testing', desc: 'Silt makes concrete weak. We conduct on-site jar tests to ensure the silt content in the M-Sand is strictly below the IS Code permissible limit of 3%.' },",IS code,Unknown,Codebase,Pending Review,,Unverified,High,Needs Engineering Sign-off
/materials,"{ icon: '🔧', name: 'Plumbing Materials', desc: 'CPVC, uPVC, PPR pipes and fittings. ISI-marked sanitary ware and faucets.', link: '/materials/plumbing', brands: 'Ashirvad · Supreme · Jaquar' },",UPV,Unknown,Codebase,Pending Review,,Unverified,High,Needs Engineering Sign-off
/materials/piling-foundation-materials,"const FAQS = [{ question: 'How do I get a material quote?', answer: 'Visit our Request Material Quote page or contact Buildogram with your material requirement, quantity, and delivery location. We will share competitive quotes from verified suppliers.' }, { question: 'Are the materials IS-certified?', answer: 'Yes. All materials in the Buildogram supplier network are expected to meet relevant IS (Indian Standard) specifications. Material Test Certificates (MTC) are available on request.' }, { question: 'Can I get materials delivered to my site?', answer: 'Yes. Our verified suppliers offer site delivery across Chennai. Delivery timelines and minimum order quantities vary by supplier and material type.' }, { question: 'Can I compare rates from multiple suppliers?', answer: 'Yes. Buildogram provides a comparative quote view for key materials so you can make informed decisions on brand and supplier selection.' }];",Indian Standard,Unknown,Codebase,Pending Review,,Unverified,High,Needs Engineering Sign-off
/materials/plumbing,"title: 'Plumbing Materials & Pipes in Chennai | CPVC, UPVC, SWR',",UPV,Unknown,Codebase,Pending Review,,Unverified,High,Needs Engineering Sign-off
/Navbar.js,"{ href: '/ndt-testing-chennai', label: 'NDT Testing' },",NDT,Unknown,Codebase,Pending Review,,Unverified,High,Needs Engineering Sign-off
/Navbar.js,"label: 'Structural Auditing',",structural audit,Unknown,Codebase,Pending Review,,Unverified,High,Needs Engineering Sign-off
/Navbar.js,"{ href: '/upv-test-chennai', label: 'Ultrasonic Pulse Velocity Test' },",UPV,Unknown,Codebase,Pending Review,,Unverified,High,Needs Engineering Sign-off
/Navbar.js,"{ href: '/rebound-hammer-test-chennai', label: 'Rebound Hammer Test' },",rebound hammer,Unknown,Codebase,Pending Review,,Unverified,High,Needs Engineering Sign-off
/Navbar.js,"{ href: '/dgps-survey-chennai', label: 'DGPS / RTK Survey' },",DGPS,Unknown,Codebase,Pending Review,,Unverified,High,Needs Engineering Sign-off
/ops/boq-calculator/[id],"<p style={{ color: '#64748B', fontSize: 13, marginBottom: 14 }}>UPVC window area is auto-calculated from wall openings in the brickwork sections.</p>",UPV,Unknown,Codebase,Pending Review,,Unverified,High,Needs Engineering Sign-off
/ops/bqs,"<option value=""structural_audit"">Structural Audit</option>",structural audit,Unknown,Codebase,Pending Review,,Unverified,High,Needs Engineering Sign-off
/ops/content-calendar/ContentCalendarClient.js,"<option value=""soil_testing"">Soil Testing</option>",soil testing,Unknown,Codebase,Pending Review,,Unverified,High,Needs Engineering Sign-off
/ops/content-calendar/ContentCalendarClient.js,"<option value=""structural_audit"">Structural Audit</option>",structural audit,Unknown,Codebase,Pending Review,,Unverified,High,Needs Engineering Sign-off
/ops/partner-applications,"'NDT Testing Lab': ['Test Methods Confirmed', 'Sample NDT Report', 'Equipment Calibration Logs'],",NDT,Unknown,Codebase,Pending Review,,Unverified,High,Needs Engineering Sign-off
/ops/partner-applications,"'Soil Testing Lab': ['Lab Certifications', 'Sample Soil Report', 'Borehole Capacity'],",soil testing,Unknown,Codebase,Pending Review,,Unverified,High,Needs Engineering Sign-off
/ops/partner-applications,"'Surveyor': ['Equipment Capability (DGPS/Total Station)', 'Sample Survey Drawing', 'Turnaround Time Check'],",DGPS,Unknown,Codebase,Pending Review,,Unverified,High,Needs Engineering Sign-off
/ops/proof-assets/editor,"<option value=""soil_testing"">Soil Testing</option>",soil testing,Unknown,Codebase,Pending Review,,Unverified,High,Needs Engineering Sign-off
/ops/proof-assets/editor,"<option value=""structural_audit"">Structural Audit</option>",structural audit,Unknown,Codebase,Pending Review,,Unverified,High,Needs Engineering Sign-off
/ops/proof-assets/editor,"<textarea name=""methods_used"" value={formData.methods_used} onChange={handleChange} className=""form-control"" rows={3} style={{ width: '100%', padding: '8px' }} placeholder=""e.g. Total Station, Rebound Hammer"" />",rebound hammer,Unknown,Codebase,Pending Review,,Unverified,High,Needs Engineering Sign-off
/ops/proof-assets/GbpGenerator.js,"structural_audit: ""Structural Audit Completed in {area}: Safety first. Our structural engineering team just finished an assessment in {area}. {description} Using advanced NDT methods like {methods_used}, we provided the owner with a detailed safety report. Worried about cracks or old building strength in Chennai? Book an engineer-led audit today."",",NDT,Unknown,Codebase,Pending Review,,Unverified,High,Needs Engineering Sign-off
/ops/proof-assets/GbpGenerator.js,"structural_audit: ""Structural Audit Completed in {area}: Safety first. Our structural engineering team just finished an assessment in {area}. {description} Using advanced NDT methods like {methods_used}, we provided the owner with a detailed safety report. Worried about cracks or old building strength in Chennai? Book an engineer-led audit today."",",structural audit,Unknown,Codebase,Pending Review,,Unverified,High,Needs Engineering Sign-off
/ops/property-passports/[id],"<option value=""structural_audit"">Structural Audit</option>",structural audit,Unknown,Codebase,Pending Review,,Unverified,High,Needs Engineering Sign-off
/ops/structural-audit,"return (<div style={{padding:'32px',fontFamily:'Inter,sans-serif'}}><div style={{marginBottom:'24px',display:'flex',justifyContent:'space-between',alignItems:'center'}}><div><h1 style={{fontSize:'22px',fontWeight:800,color:'#0F172A',margin:0}}>Structural Audit Leads</h1><p style={{color:'#64748B',fontSize:'14px',margin:'4px 0 0'}}>Audit enquiries, NDT requests and crack inspection leads</p></div><select value={filter} onChange={e=>setFilter(e.target.value)} style={{padding:'8px 12px',border:'1px solid #E2E8F0',borderRadius:'8px',fontSize:'14px',color:'#374151'}}><option value=""all"">All Status</option><option value=""new"">New</option><option value=""contacted"">Contacted</option><option value=""converted"">Converted</option><option value=""closed"">Closed</option></select></div>{loading?(<div style={{textAlign:'center',color:'#64748B',padding:'60px'}}>Loading...</div>):filtered.length===0?(<div style={{textAlign:'center',color:'#64748B',padding:'60px',background:'#F8FAFC',borderRadius:'12px'}}>No structural audit leads yet.</div>):(<div style={{background:'white',border:'1px solid #E2E8F0',borderRadius:'12px',overflow:'hidden'}}><table style={{width:'100%',borderCollapse:'collapse'}}><thead><tr style={{background:'#F8FAFC',borderBottom:'1px solid #E2E8F0'}}>{['Name','Phone','Building Type','Audit Type','Floors','Age','Locality','Status','Report Status','Date'].map(h=>(<th key={h} style={{padding:'12px 16px',textAlign:'left',fontSize:'12px',fontWeight:700,color:'#64748B',textTransform:'uppercase',letterSpacing:'0.5px'}}>{h}</th>))}</tr></thead><tbody>{filtered.map((l,i)=>(<tr key={l.id} style={{borderBottom:'1px solid #F1F5F9',background:i%2===0?'white':'#FAFAFA'}}><td style={{padding:'12px 16px',fontWeight:600,color:'#0F172A',fontSize:'14px'}}>{l.name}</td><td style={{padding:'12px 16px',color:'#374151',fontSize:'14px'}}>{l.phone}</td><td style={{padding:'12px 16px',color:'#374151',fontSize:'14px'}}>{l.building_type||'—'}</td><td style={{padding:'12px 16px',color:'#374151',fontSize:'14px'}}>{l.audit_type||'—'}</td><td style={{padding:'12px 16px',color:'#374151',fontSize:'14px'}}>{l.floors||'—'}</td><td style={{padding:'12px 16px',color:'#374151',fontSize:'14px'}}>{l.age_of_building||'—'}</td><td style={{padding:'12px 16px',color:'#374151',fontSize:'14px'}}>{l.locality||'—'}</td><td style={{padding:'12px 16px'}}><span style={{background:(STATUS_COLORS[l.status]||'#6B7280')+'20',color:STATUS_COLORS[l.status]||'#6B7280',fontSize:'11px',fontWeight:700,padding:'4px 10px',borderRadius:'100px',textTransform:'capitalize'}}>{l.status||'new'}</span></td><td style={{padding:'12px 16px'}}><span style={{background:l.report_status==='ready'?'#DCFCE7':'#FEF3C7',color:l.report_status==='ready'?'#16A34A':'#92400E',fontSize:'11px',fontWeight:700,padding:'4px 10px',borderRadius:'100px'}}>{l.report_status||'pending'}</span></td><td style={{padding:'12px 16px',color:'#64748B',fontSize:'13px'}}>{l.created_at?new Date(l.created_at).toLocaleDateString('en-IN'):'—'}</td></tr>))}</tbody></table></div>)}</div>);",NDT,Unknown,Codebase,Pending Review,,Unverified,High,Needs Engineering Sign-off
/ops/structural-audit,"return (<div style={{padding:'32px',fontFamily:'Inter,sans-serif'}}><div style={{marginBottom:'24px',display:'flex',justifyContent:'space-between',alignItems:'center'}}><div><h1 style={{fontSize:'22px',fontWeight:800,color:'#0F172A',margin:0}}>Structural Audit Leads</h1><p style={{color:'#64748B',fontSize:'14px',margin:'4px 0 0'}}>Audit enquiries, NDT requests and crack inspection leads</p></div><select value={filter} onChange={e=>setFilter(e.target.value)} style={{padding:'8px 12px',border:'1px solid #E2E8F0',borderRadius:'8px',fontSize:'14px',color:'#374151'}}><option value=""all"">All Status</option><option value=""new"">New</option><option value=""contacted"">Contacted</option><option value=""converted"">Converted</option><option value=""closed"">Closed</option></select></div>{loading?(<div style={{textAlign:'center',color:'#64748B',padding:'60px'}}>Loading...</div>):filtered.length===0?(<div style={{textAlign:'center',color:'#64748B',padding:'60px',background:'#F8FAFC',borderRadius:'12px'}}>No structural audit leads yet.</div>):(<div style={{background:'white',border:'1px solid #E2E8F0',borderRadius:'12px',overflow:'hidden'}}><table style={{width:'100%',borderCollapse:'collapse'}}><thead><tr style={{background:'#F8FAFC',borderBottom:'1px solid #E2E8F0'}}>{['Name','Phone','Building Type','Audit Type','Floors','Age','Locality','Status','Report Status','Date'].map(h=>(<th key={h} style={{padding:'12px 16px',textAlign:'left',fontSize:'12px',fontWeight:700,color:'#64748B',textTransform:'uppercase',letterSpacing:'0.5px'}}>{h}</th>))}</tr></thead><tbody>{filtered.map((l,i)=>(<tr key={l.id} style={{borderBottom:'1px solid #F1F5F9',background:i%2===0?'white':'#FAFAFA'}}><td style={{padding:'12px 16px',fontWeight:600,color:'#0F172A',fontSize:'14px'}}>{l.name}</td><td style={{padding:'12px 16px',color:'#374151',fontSize:'14px'}}>{l.phone}</td><td style={{padding:'12px 16px',color:'#374151',fontSize:'14px'}}>{l.building_type||'—'}</td><td style={{padding:'12px 16px',color:'#374151',fontSize:'14px'}}>{l.audit_type||'—'}</td><td style={{padding:'12px 16px',color:'#374151',fontSize:'14px'}}>{l.floors||'—'}</td><td style={{padding:'12px 16px',color:'#374151',fontSize:'14px'}}>{l.age_of_building||'—'}</td><td style={{padding:'12px 16px',color:'#374151',fontSize:'14px'}}>{l.locality||'—'}</td><td style={{padding:'12px 16px'}}><span style={{background:(STATUS_COLORS[l.status]||'#6B7280')+'20',color:STATUS_COLORS[l.status]||'#6B7280',fontSize:'11px',fontWeight:700,padding:'4px 10px',borderRadius:'100px',textTransform:'capitalize'}}>{l.status||'new'}</span></td><td style={{padding:'12px 16px'}}><span style={{background:l.report_status==='ready'?'#DCFCE7':'#FEF3C7',color:l.report_status==='ready'?'#16A34A':'#92400E',fontSize:'11px',fontWeight:700,padding:'4px 10px',borderRadius:'100px'}}>{l.report_status||'pending'}</span></td><td style={{padding:'12px 16px',color:'#64748B',fontSize:'13px'}}>{l.created_at?new Date(l.created_at).toLocaleDateString('en-IN'):'—'}</td></tr>))}</tbody></table></div>)}</div>);",structural audit,Unknown,Codebase,Pending Review,,Unverified,High,Needs Engineering Sign-off
/,"{ icon: '🔎', title: 'Structural Audit', desc: 'Crack inspection, corrosion check, settlement analysis, NDT coordination, written safety report.', href: '/structural-audit-chennai', color: 'blue', bentoClass: 'bentoStandard' },",NDT,Unknown,Codebase,Pending Review,,Unverified,High,Needs Engineering Sign-off
/,"{ icon: '🔎', title: 'Structural Audit', desc: 'Crack inspection, corrosion check, settlement analysis, NDT coordination, written safety report.', href: '/structural-audit-chennai', color: 'blue', bentoClass: 'bentoStandard' },",structural audit,Unknown,Codebase,Pending Review,,Unverified,High,Needs Engineering Sign-off
/,"{ icon: '📐', title: 'Land Survey & Plot Measurement', desc: 'Boundary survey, total station survey, DGPS measurement, and CAD drawings for your plot.', href: '/land-survey-chennai' },",DGPS,Unknown,Codebase,Pending Review,,Unverified,High,Needs Engineering Sign-off
/partner/boq-studio,"const grandTotal = items.reduce((s, i) => s + lineTotal(i), 0);",NDT,Unknown,Codebase,Pending Review,,Unverified,High,Needs Engineering Sign-off
/partner/reports,"const grandTotal = Object.values(byCategory).reduce((a, b) => a + b, 0);",NDT,Unknown,Codebase,Pending Review,,Unverified,High,Needs Engineering Sign-off
/partner-os,"export default function Page() { return (<main className='page' style={{ paddingTop: '80px', paddingBottom: '80px' }}><div className='sectionInner'><div style={{ marginBottom: '16px', fontSize: '14px', color: '#64748B' }}><a href='/' style={{ color: '#FC6E20' }}>Home</a> / <span style={{ color: '#0F172A', fontWeight: 600 }}>Buildogram Partner OS</span></div><h1 style={{ fontSize: '36px', fontWeight: 800, color: '#0F172A', marginBottom: '24px' }}>Buildogram Partner OS</h1><AnswerBlock question='What is Buildogram Partner OS?' answer='Buildogram Partner OS is the operational dashboard for verified partners in the Buildogram network — covering lead management, project tracking, BOQ studio, site documentation, quality checklists, invoicing, and client communication in one platform.' /><ProcessSteps title='How It Works' steps={STEPS} /><EntitySummary serviceName='Buildogram Partner OS' /><LocalIntentBlock /><FAQBlock title='Frequently Asked Questions' faqs={FAQS} /><div style={{ marginTop: '40px', padding: '24px', background: '#FFF7ED', borderRadius: '12px', border: '1px solid #FED7AA' }}><p style={{ fontWeight: 700, color: '#FC6E20', marginBottom: '12px' }}>Related Services</p><div style={{ display: 'flex', flexWrap: 'wrap', gap: '10px' }}>{[['Home Construction','/home-construction-chennai'],['BOQ Review','/boq-review-chennai'],['Structural Audit','/structural-audit-chennai'],['AI Tools','/ai-tools']].map(([label, href]) => (<Link key={href} href={href} style={{ padding: '8px 16px', background: 'white', border: '1px solid #FED7AA', borderRadius: '100px', color: '#374151', fontSize: '14px', fontWeight: 600, textDecoration: 'none' }}>{label}</Link>))}</div></div><div style={{ marginTop: '32px', textAlign: 'center' }}><Link href='/contact?type=partner' className='btn btn-primary btn-lg'>Get Started</Link></div></div></main>); }",structural audit,Unknown,Codebase,Pending Review,,Unverified,High,Needs Engineering Sign-off
/partners/architects,"description: 'Find COA-registered architects in Chennai with CMDA plan approval experience. Buildogram verifies Council of Architecture registration, portfolio, and structural collaboration.',",CMDA,Unknown,Codebase,Pending Review,,Unverified,High,Needs Engineering Sign-off
/partners/architects,"{ icon: '📋', title: 'CMDA/DTCP Experience', desc: 'Proven track record of submitting and obtaining CMDA plan approvals in Chennai. We verify copies of past approval orders from clients.' },",DTCP,Unknown,Codebase,Pending Review,,Unverified,High,Needs Engineering Sign-off
/partners/elevators,"{ icon: '⚡', title: 'ARD (Automatic Rescue Device)', desc: 'All elevators must have ARD installed per NBC 2016 — automatically lowers the elevator to the nearest floor during power failure and opens doors.' },",NBC,Unknown,Codebase,Pending Review,,Unverified,High,Needs Engineering Sign-off
/partners/elevators,"'CMDA building plan must show shaft dimensions and structural beam details at each floor',",CMDA,Unknown,Codebase,Pending Review,,Unverified,High,Needs Engineering Sign-off
/peb-building-contractors-chennai,"{ question: 'What approvals and permits are needed for a PEB industrial building in Tamil Nadu?', answer: 'For SIDCO/SIPCOT plots: prior approval from the estate authority. For private plots: CMDA or DTCP building plan approval, fire NOC from Tamil Nadu Fire and Rescue Services (for buildings above certain area thresholds), and factories inspector registration for manufacturing facilities.' },",CMDA,Unknown,Codebase,Pending Review,,Unverified,High,Needs Engineering Sign-off
/peb-building-contractors-chennai,"{ question: 'What approvals and permits are needed for a PEB industrial building in Tamil Nadu?', answer: 'For SIDCO/SIPCOT plots: prior approval from the estate authority. For private plots: CMDA or DTCP building plan approval, fire NOC from Tamil Nadu Fire and Rescue Services (for buildings above certain area thresholds), and factories inspector registration for manufacturing facilities.' },",DTCP,Unknown,Codebase,Pending Review,,Unverified,High,Needs Engineering Sign-off
/plan-review,"description: ""Comprehensive plan review services. Buildogram is an AI-driven, engineer-led construction and property ecosystem offering BOQ review, structural audit, survey, testing, and piling."",",structural audit,Unknown,Codebase,Pending Review,,Unverified,High,Needs Engineering Sign-off
/plan-review,"description: 'Get your floor plans reviewed by certified structural engineers in Chennai. Spatial flow, vastu, ventilation, IS code compliance and structural grid analysis.',",IS code,Unknown,Codebase,Pending Review,,Unverified,High,Needs Engineering Sign-off
/plan-review,"desc: 'Window-to-floor area ratio checks (NBC recommends minimum 1:10), cross-ventilation path analysis, solar orientation assessment to minimize western glare, kitchen exhaust feasibility, and internal toilet ventilation via duct or window.',",NBC,Unknown,Codebase,Pending Review,,Unverified,High,Needs Engineering Sign-off
/plan-review,"title: 'FSI & CMDA Compliance',",CMDA,Unknown,Codebase,Pending Review,,Unverified,High,Needs Engineering Sign-off
/privacy-policy,"• Facilitate engineering-led coordination — providing BOQ reviews, structural audit assessments, material quotes, and site supervision reports based on your project data.",structural audit,Unknown,Codebase,Pending Review,,Unverified,High,Needs Engineering Sign-off
/projects,"description: ""Comprehensive projects services. Buildogram is an AI-driven, engineer-led construction and property ecosystem offering BOQ review, structural audit, survey, testing, and piling."",",structural audit,Unknown,Codebase,Pending Review,,Unverified,High,Needs Engineering Sign-off
/proof,"description: 'Real field updates, structural audits, construction progress, and material quality checks from Buildogram engineers in Chennai.',",structural audit,Unknown,Codebase,Pending Review,,Unverified,High,Needs Engineering Sign-off
/properties/list-your-property,"description: ""Professional list your property services via Buildogram, the AI-driven, engineer-led construction and property ecosystem. We handle BOQ review, structural audit, survey, testing, and piling."",",structural audit,Unknown,Codebase,Pending Review,,Unverified,High,Needs Engineering Sign-off
/properties,"description: ""Professional properties services via Buildogram, the AI-driven, engineer-led construction and property ecosystem. We handle BOQ review, structural audit, survey, testing, and piling."",",structural audit,Unknown,Codebase,Pending Review,,Unverified,High,Needs Engineering Sign-off
/property/list,"description: ""Comprehensive list services. Buildogram is an AI-driven, engineer-led construction and property ecosystem offering BOQ review, structural audit, survey, testing, and piling."",",structural audit,Unknown,Codebase,Pending Review,,Unverified,High,Needs Engineering Sign-off
/property/maintenance,"description: ""Comprehensive maintenance services. Buildogram is an AI-driven, engineer-led construction and property ecosystem offering BOQ review, structural audit, survey, testing, and piling."",",structural audit,Unknown,Codebase,Pending Review,,Unverified,High,Needs Engineering Sign-off
/property/records,"description: ""Comprehensive records services. Buildogram is an AI-driven, engineer-led construction and property ecosystem offering BOQ review, structural audit, survey, testing, and piling."",",structural audit,Unknown,Codebase,Pending Review,,Unverified,High,Needs Engineering Sign-off
/property-passport,"description: ""Comprehensive property passport services. Buildogram is an AI-driven, engineer-led construction and property ecosystem offering BOQ review, structural audit, survey, testing, and piling."",",structural audit,Unknown,Codebase,Pending Review,,Unverified,High,Needs Engineering Sign-off
/property-passport,"desc: ""Add periodic structural audit reports, soil testing data, and maintenance logs to build a history.""",soil testing,Unknown,Codebase,Pending Review,,Unverified,High,Needs Engineering Sign-off
/property-passport,"description: 'The Property Passport is a permanent digital twin for your physical asset. Store architectural drawings, warranties, structural audits, and maintenance records securely.',",structural audit,Unknown,Codebase,Pending Review,,Unverified,High,Needs Engineering Sign-off
/quality-system,"<Link href=""/structural-audit-chennai"" style={{ background: 'var(--bg-card)', padding: '8px 16px', borderRadius: 'var(--radius-sm)', border: '1px solid rgba(252,110,32,0.25)', fontSize: '14px', fontWeight: 700, color: 'var(--text)', textDecoration: 'none' }}>Structural Audits</Link>",structural audit,Unknown,Codebase,Pending Review,,Unverified,High,Needs Engineering Sign-off
/resources/chennai,"description: ""Expert chennai in Chennai. Trust Buildogram, an AI-driven, engineer-led construction and property ecosystem for structural audit, survey, testing, piling, and Property Passport solutions."",",structural audit,Unknown,Codebase,Pending Review,,Unverified,High,Needs Engineering Sign-off
/resources/compare,"description: ""Compare compare to make informed decisions. Buildogram provides an AI-driven, engineer-led construction and property ecosystem for BOQ review and structural audit."",",structural audit,Unknown,Codebase,Pending Review,,Unverified,High,Needs Engineering Sign-off
/resources/construction-guide,"<p style={{ color: 'var(--text-muted)', marginBottom: '24px' }}>Ensure you have all necessary local body approvals (CMDA, DTCP, etc.) before commencing work. Building without approval can lead to severe penalties or demolition.</p>",CMDA,Unknown,Codebase,Pending Review,,Unverified,High,Needs Engineering Sign-off
/resources/construction-guide,"<p style={{ color: 'var(--text-muted)', marginBottom: '24px' }}>Ensure you have all necessary local body approvals (CMDA, DTCP, etc.) before commencing work. Building without approval can lead to severe penalties or demolition.</p>",DTCP,Unknown,Codebase,Pending Review,,Unverified,High,Needs Engineering Sign-off
/resources/faqs,"description: ""Learn about faqs with Buildogram's resources. We are an AI-driven, engineer-led construction and property ecosystem offering BOQ review, structural audit, and testing in Chennai."",",structural audit,Unknown,Codebase,Pending Review,,Unverified,High,Needs Engineering Sign-off
/resources/glossary,"description: ""Learn about glossary with Buildogram's resources. We are an AI-driven, engineer-led construction and property ecosystem offering BOQ review, structural audit, and testing in Chennai."",",structural audit,Unknown,Codebase,Pending Review,,Unverified,High,Needs Engineering Sign-off
/resources/guides,"description: ""Learn about guides with Buildogram's resources. We are an AI-driven, engineer-led construction and property ecosystem offering BOQ review, structural audit, and testing in Chennai."",",structural audit,Unknown,Codebase,Pending Review,,Unverified,High,Needs Engineering Sign-off
/resources/material-guide,"<p style={{ color: 'var(--text-muted)', marginBottom: '32px' }}>Electrical wires should be FRLS (Fire Retardant Low Smoke). Plumbing pipes should be CPVC for hot water and UPVC for cold water lines to prevent scaling and pressure loss.</p>",UPV,Unknown,Codebase,Pending Review,,Unverified,High,Needs Engineering Sign-off
/resources/property-buying-guide,"<h2 style={{ fontSize: '28px', marginBottom: '24px' }}>2. CMDA & DTCP Approvals</h2>",CMDA,Unknown,Codebase,Pending Review,,Unverified,High,Needs Engineering Sign-off
/resources/property-buying-guide,"<h2 style={{ fontSize: '28px', marginBottom: '24px' }}>2. CMDA & DTCP Approvals</h2>",DTCP,Unknown,Codebase,Pending Review,,Unverified,High,Needs Engineering Sign-off
/review/contractor-quote,"description: ""Independent contractor quote for transparent pricing and quality assurance. Avoid hidden costs with Buildogram's structural audit and engineer-led construction ecosystem."",",structural audit,Unknown,Codebase,Pending Review,,Unverified,High,Needs Engineering Sign-off
/review/hidden-costs,"description: ""Independent hidden costs for transparent pricing and quality assurance. Avoid hidden costs with Buildogram's structural audit and engineer-led construction ecosystem."",",structural audit,Unknown,Codebase,Pending Review,,Unverified,High,Needs Engineering Sign-off
/review/specifications,"description: ""Independent specifications for transparent pricing and quality assurance. Avoid hidden costs with Buildogram's structural audit and engineer-led construction ecosystem."",",structural audit,Unknown,Codebase,Pending Review,,Unverified,High,Needs Engineering Sign-off
/review/specifications,"processSteps={[{""step"":""01"",""title"":""Identify Ambiguities"",""desc"":""Scanning the contract for undefined brands or grades.""},{""step"":""02"",""title"":""Lock Down Grades"",""desc"":""Defining exact IS codes, brands, and price limits (e.g., \""Kajaria 2x4 ₹60/sqft\"").""}]}",IS code,Unknown,Codebase,Pending Review,,Unverified,High,Needs Engineering Sign-off
/services,"description: ""Comprehensive construction and engineering services in Chennai. Buildogram is an AI-driven, engineer-led construction and property ecosystem offering BOQ review, structural audit, survey, testing, and piling."",",structural audit,Unknown,Codebase,Pending Review,,Unverified,High,Needs Engineering Sign-off
/sitemap.js,"// Structural Audit & NDT",NDT,Unknown,Codebase,Pending Review,,Unverified,High,Needs Engineering Sign-off
/sitemap.js,"// Structural Audit & NDT",structural audit,Unknown,Codebase,Pending Review,,Unverified,High,Needs Engineering Sign-off
/sitemap.js,"{ url: `${baseUrl}/upv-test-chennai`, priority: 0.9, changeFrequency: 'weekly' },",UPV,Unknown,Codebase,Pending Review,,Unverified,High,Needs Engineering Sign-off
/sitemap.js,"{ url: `${baseUrl}/dgps-survey-chennai`, priority: 0.9, changeFrequency: 'weekly' },",DGPS,Unknown,Codebase,Pending Review,,Unverified,High,Needs Engineering Sign-off
/specifications,"description: ""Comprehensive specifications services. Buildogram is an AI-driven, engineer-led construction and property ecosystem offering BOQ review, structural audit, survey, testing, and piling."",",structural audit,Unknown,Codebase,Pending Review,,Unverified,High,Needs Engineering Sign-off
/specifications,"{ title: 'Government Liaison Assistance', desc: 'Compilation and formatting of architectural drawings conforming strictly to CMDA, DTCP, or GCC guidelines.' },",CMDA,Unknown,Codebase,Pending Review,,Unverified,High,Needs Engineering Sign-off
/specifications,"{ title: 'Government Liaison Assistance', desc: 'Compilation and formatting of architectural drawings conforming strictly to CMDA, DTCP, or GCC guidelines.' },",DTCP,Unknown,Codebase,Pending Review,,Unverified,High,Needs Engineering Sign-off
/steel-construction-chennai,"{ question: 'Which IS code governs steel structure design in India?', answer: 'IS 800:2007 (General Construction in Steel) is the primary code. Material grades are governed by IS 2062. Welding is governed by IS 816. For bolted connections, IS 1367 covers fastener specifications.' },",IS code,Unknown,Codebase,Pending Review,,Unverified,High,Needs Engineering Sign-off
/steel-construction-chennai,"{[['Primary Beams', 'ISMB 200–600 (Indian Standard Medium Weight Beams)'], ['Columns', 'ISHB, SHS/RHS hollow sections'], ['Secondary Members', 'ISMC channels, ISA angles'], ['Connections', 'HSFG bolts Grade 8.8; fillet welds per IS 816'], ['Material Grade', 'IS 2062 E250 (mild steel) or E350 for high-stress zones'], ['Roof Purlins', 'Z/C sections, 1.5–2.5mm hot-dip galvanised']].map(([item, spec]) => (",Indian Standard,Unknown,Codebase,Pending Review,,Unverified,High,Needs Engineering Sign-off
/steel-construction-chennai,"{ question: 'Is structural steel construction permitted for residential buildings in Chennai?', answer: 'Yes. Steel structures are permitted for residential use under CMDA regulations, provided they meet structural safety requirements and have a structural engineer\'s certificate.' },",CMDA,Unknown,Codebase,Pending Review,,Unverified,High,Needs Engineering Sign-off
/steel-construction-chennai,"{[['/peb-building-contractors-chennai', 'PEB Buildings'], ['/industrial-shed-construction-chennai', 'Industrial Sheds'], ['/structural-audit-chennai', 'Structural Audit'], ['/site-supervision-chennai', 'Site Supervision']].map(([href, label]) => (",structural audit,Unknown,Codebase,Pending Review,,Unverified,High,Needs Engineering Sign-off
/structural-plan-review-chennai,"title: 'Structural Plan Review in Chennai | IS Code Compliance | Buildogram',",IS code,Unknown,Codebase,Pending Review,,Unverified,High,Needs Engineering Sign-off
/structural-plan-review-chennai,"{ question: 'Is this the same as CMDA structural approval?', answer: 'No. CMDA approval is a statutory compliance check for zoning, setbacks, and permitted floor area. It does not check whether your column sizes are correct, whether your rebar cover is adequate, or whether your foundation is designed for the actual soil bearing capacity at your site. Buildogram\'s structural plan review fills that gap.' },",CMDA,Unknown,Codebase,Pending Review,,Unverified,High,Needs Engineering Sign-off
/structural-plan-review-chennai,"{[['/structural-audit-chennai', 'Structural Audit'], ['/end-to-end-construction-support-chennai', 'End-to-End Support'], ['/site-supervision-chennai', 'Site Supervision'], ['/boq-review-chennai', 'BOQ Review']].map(([href, label]) => (",structural audit,Unknown,Codebase,Pending Review,,Unverified,High,Needs Engineering Sign-off
/supplier/quotations,"const grandTotal = total(q);",NDT,Unknown,Codebase,Pending Review,,Unverified,High,Needs Engineering Sign-off
/terms,"C. Specialist or Supplier Agreements: Where applicable, separate agreements may exist with architects, structural consultants, soil-testing agencies, surveyors, NDT agencies, piling contractors, interior contractors, waterproofing contractors, suppliers, and manufacturers.",NDT,Unknown,Codebase,Pending Review,,Unverified,High,Needs Engineering Sign-off
/warranty-and-maintenance,"{ num: '01', title: 'Plan & BOQ Sign-Off', desc: 'Our team generates a capped Bill of Quantities (BOQ) conforming to GCC/CMDA building norms, which is preferred by banks for technical clearance.' },",CMDA,Unknown,Codebase,Pending Review,,Unverified,High,Needs Engineering Sign-off
/warranty-and-maintenance,"'2 Comprehensive Structural Audits with Moisture Scanning',",structural audit,Unknown,Codebase,Pending Review,,Unverified,High,Needs Engineering Sign-off
/[serviceSlug],"* Preserves 100% of original content (IS codes, Chennai localities, cost ranges)",IS code,Unknown,Codebase,Pending Review,,Unverified,High,Needs Engineering Sign-off
C:\Users\Kawinfinite PC 32\Downloads\Buildogram\buildogram-app\src\components\partner\PartnerApplicationForm.js,"'Soil Testing Lab', 'NDT Testing Lab', 'Piling Contractor', 'Material Supplier',",NDT,Unknown,Codebase,Pending Review,,Unverified,High,Needs Engineering Sign-off
C:\Users\Kawinfinite PC 32\Downloads\Buildogram\buildogram-app\src\components\partner\PartnerApplicationForm.js,"'Soil Testing Lab', 'NDT Testing Lab', 'Piling Contractor', 'Material Supplier',",soil testing,Unknown,Codebase,Pending Review,,Unverified,High,Needs Engineering Sign-off
C:\Users\Kawinfinite PC 32\Downloads\Buildogram\buildogram-app\src\components\seo\ContextualCTA.jsx,"ctaText = ""Book Structural Audit"";",structural audit,Unknown,Codebase,Pending Review,,Unverified,High,Needs Engineering Sign-off
C:\Users\Kawinfinite PC 32\Downloads\Buildogram\buildogram-app\src\components\seo\EngineerCredibility.js,"* - IS code competency",IS code,Unknown,Codebase,Pending Review,,Unverified,High,Needs Engineering Sign-off
C:\Users\Kawinfinite PC 32\Downloads\Buildogram\buildogram-app\src\data\seo\areas.js,"approvalNotes: 'GCC building plan approval required. All plans must be submitted via the CMDA DP Road and CMDA Master Plan compliance check before GCC sanctions.',",CMDA,Unknown,Codebase,Pending Review,,Unverified,High,Needs Engineering Sign-off
C:\Users\Kawinfinite PC 32\Downloads\Buildogram\buildogram-app\src\data\seo\areas.js,"constructionTips: 'Anna Nagar has a long-established CMDA plan with strict setback requirements and FSI norms. Verify CMDA/DTCP approval requirements for your specific zone. Building height restrictions apply in several sub-zones.',",DTCP,Unknown,Codebase,Pending Review,,Unverified,High,Needs Engineering Sign-off
C:\Users\Kawinfinite PC 32\Downloads\Buildogram\buildogram-app\src\data\seo\areas.js,"soilNote: 'A significant portion of Medavakkam is proximate to the Pallikaranai wetland. Low-lying plots carry high flood risk and require careful soil testing, plinth height assessment, and potentially pile foundations. Always check the flood risk category before purchase.',",soil testing,Unknown,Codebase,Pending Review,,Unverified,High,Needs Engineering Sign-off
C:\Users\Kawinfinite PC 32\Downloads\Buildogram\buildogram-app\src\data\seo\comparisons.js,"{ feature: 'Soil Testing (SBC)', contractor: 'Often skipped to reduce quote', buildogram: 'Mandatory — done before foundation design' },",soil testing,Unknown,Codebase,Pending Review,,Unverified,High,Needs Engineering Sign-off
C:\Users\Kawinfinite PC 32\Downloads\Buildogram\buildogram-app\src\data\seo\faqs.js,"{ q: 'Does Buildogram do government plan approval?', a: 'We assist with plan preparation and documentation for approval submission. However, approval timelines are governed by local authorities (CMDA, DTCP, municipality) and are beyond our control.' },",CMDA,Unknown,Codebase,Pending Review,,Unverified,High,Needs Engineering Sign-off
C:\Users\Kawinfinite PC 32\Downloads\Buildogram\buildogram-app\src\data\seo\faqs.js,"{ q: 'Does Buildogram do government plan approval?', a: 'We assist with plan preparation and documentation for approval submission. However, approval timelines are governed by local authorities (CMDA, DTCP, municipality) and are beyond our control.' },",DTCP,Unknown,Codebase,Pending Review,,Unverified,High,Needs Engineering Sign-off
C:\Users\Kawinfinite PC 32\Downloads\Buildogram\buildogram-app\src\data\seo\faqs.js,"{ q: 'What is included in Buildogram\'s construction service?', a: 'Buildogram\'s construction service includes: SBC soil testing, structural design, itemised BOQ, partner coordination, engineer supervision, concrete tests, milestone verification, client portal access, snag list, and a permanent Property Passport at handover — including the execution partner\'s warranty documentation. Structural warranty terms are provided by the appointed execution partner and recorded within the project documentation.' },",soil testing,Unknown,Codebase,Pending Review,,Unverified,High,Needs Engineering Sign-off
C:\Users\Kawinfinite PC 32\Downloads\Buildogram\buildogram-app\src\data\seo\faqs.js,"{ q: 'What pipe material should I use for water supply in my house?', a: 'CPVC pipes are the preferred choice for domestic water supply (both hot and cold). Avoid GI pipes which corrode internally over time. For drainage, uPVC and SWR pipes are standard.' },",UPV,Unknown,Codebase,Pending Review,,Unverified,High,Needs Engineering Sign-off
C:\Users\Kawinfinite PC 32\Downloads\Buildogram\buildogram-app\src\data\seo\glossary.js,"{ slug: 'setback', term: 'Setback', category: 'regulatory', definition: 'Setback is the minimum required distance that must be maintained between a building and the property boundary, road, or adjacent structures, as prescribed by local building regulations.', explanation: 'Every local body (CMDA, DTCP, municipalities, panchayats) prescribes minimum setback distances on each side of a plot — front, rear, and sides. These setbacks ensure light, ventilation, access for fire fighting, and road widening. Building beyond setback limits is unauthorized construction and can result in demolition orders.', whyMatters: 'Violating setback rules results in unauthorized construction, which is illegal, cannot receive occupancy certificates, and is very difficult to sell or mortgage.', commonMistake: 'Not checking current local setback rules before finalizing the architectural plan. Setback rules vary by local body, plot area, road width, and zone classification.', relatedTerms: ['fsi', 'floor-plan', 'approval-plan'], relatedServices: ['/plan-review', '/services/house-construction'] },",CMDA,Unknown,Codebase,Pending Review,,Unverified,High,Needs Engineering Sign-off
C:\Users\Kawinfinite PC 32\Downloads\Buildogram\buildogram-app\src\data\seo\glossary.js,"{ slug: 'setback', term: 'Setback', category: 'regulatory', definition: 'Setback is the minimum required distance that must be maintained between a building and the property boundary, road, or adjacent structures, as prescribed by local building regulations.', explanation: 'Every local body (CMDA, DTCP, municipalities, panchayats) prescribes minimum setback distances on each side of a plot — front, rear, and sides. These setbacks ensure light, ventilation, access for fire fighting, and road widening. Building beyond setback limits is unauthorized construction and can result in demolition orders.', whyMatters: 'Violating setback rules results in unauthorized construction, which is illegal, cannot receive occupancy certificates, and is very difficult to sell or mortgage.', commonMistake: 'Not checking current local setback rules before finalizing the architectural plan. Setback rules vary by local body, plot area, road width, and zone classification.', relatedTerms: ['fsi', 'floor-plan', 'approval-plan'], relatedServices: ['/plan-review', '/services/house-construction'] },",DTCP,Unknown,Codebase,Pending Review,,Unverified,High,Needs Engineering Sign-off
C:\Users\Kawinfinite PC 32\Downloads\Buildogram\buildogram-app\src\data\seo\guides.js,"{ heading: 'Before Construction: Plot and Legal', items: ['Verify encumbrance certificate (EC) — minimum 15 years', 'Confirm clear patta (land ownership document)', 'Check if plot has any mortgage or legal dispute', 'Verify setback rules and FSI for your local body zone', 'Get plot survey and corner marking done', 'Verify CMDA / DTCP approval requirement for your zone'] },",CMDA,Unknown,Codebase,Pending Review,,Unverified,High,Needs Engineering Sign-off
C:\Users\Kawinfinite PC 32\Downloads\Buildogram\buildogram-app\src\data\seo\guides.js,"{ heading: 'Before Construction: Plot and Legal', items: ['Verify encumbrance certificate (EC) — minimum 15 years', 'Confirm clear patta (land ownership document)', 'Check if plot has any mortgage or legal dispute', 'Verify setback rules and FSI for your local body zone', 'Get plot survey and corner marking done', 'Verify CMDA / DTCP approval requirement for your zone'] },",DTCP,Unknown,Codebase,Pending Review,,Unverified,High,Needs Engineering Sign-off
C:\Users\Kawinfinite PC 32\Downloads\Buildogram\buildogram-app\src\data\seo\guides.js,"{ heading: 'Step 2: Check for Missing Line Items', items: ['Temporary works: site cleaning, shuttering, scaffolding', 'Soil testing costs', 'Foundation type (footings vs. piles)', 'Waterproofing (terrace, bathrooms, sump)', 'External work: compound wall, drive, drainage', 'Electrical: mains wiring, DB board, earthing', 'Plumbing: complete system including overhead tank'] },",soil testing,Unknown,Codebase,Pending Review,,Unverified,High,Needs Engineering Sign-off
C:\Users\Kawinfinite PC 32\Downloads\Buildogram\buildogram-app\src\data\seo\guides.js,"{ heading: 'MEP (Mechanical, Electrical, Plumbing)', items: ['Wire brand and grade?', 'Switch brand?', 'MCB and DB board specification?', 'Earthing specification?', 'Plumbing pipe brand and material (CPVC/uPVC)?', 'Bathroom fixtures specification?', 'Overhead tank — RCC or Sintex, capacity?', 'Sump capacity?'] },",UPV,Unknown,Codebase,Pending Review,,Unverified,High,Needs Engineering Sign-off
C:\Users\Kawinfinite PC 32\Downloads\Buildogram\buildogram-app\src\data\seo\localities.js,"constructionTips: 'Anna Nagar has a long-established plan and strict setback requirements. Verify CMDA/DTCP approval requirements for your specific zone before design.',",CMDA,Unknown,Codebase,Pending Review,,Unverified,High,Needs Engineering Sign-off
C:\Users\Kawinfinite PC 32\Downloads\Buildogram\buildogram-app\src\data\seo\localities.js,"constructionTips: 'Anna Nagar has a long-established plan and strict setback requirements. Verify CMDA/DTCP approval requirements for your specific zone before design.',",DTCP,Unknown,Codebase,Pending Review,,Unverified,High,Needs Engineering Sign-off
C:\Users\Kawinfinite PC 32\Downloads\Buildogram\buildogram-app\src\data\seo\localities.js,"soilNote: 'Porur has variable soil conditions near the Porur Lake and surrounding areas. Soil testing is important for plots in low-lying zones.',",soil testing,Unknown,Codebase,Pending Review,,Unverified,High,Needs Engineering Sign-off
C:\Users\Kawinfinite PC 32\Downloads\Buildogram\buildogram-app\src\data\seo\localServices.js,"{ q: 'What IS codes apply to residential structural design in Chennai?', a: 'Primary codes: IS 456 (Plain and Reinforced Concrete), IS 875 (Design Loads), IS 1893 (Earthquake Loads — Zone III for Chennai), IS 13920 (Ductile Detailing).' },",IS code,Unknown,Codebase,Pending Review,,Unverified,High,Needs Engineering Sign-off
C:\Users\Kawinfinite PC 32\Downloads\Buildogram\buildogram-app\src\data\seo\localServices.js,"{ q: 'What is IS 2062 and why does it matter for structural steel in {area}?', a: 'IS 2062 is the Indian Standard for Hot Rolled Medium and High Tensile Structural Steel. It specifies chemical composition, mechanical properties, and tolerances for structural steel sections. Insisting on IS 2062 Grade E250 or higher material with MTC is essential for any structural fabrication.' },",Indian Standard,Unknown,Codebase,Pending Review,,Unverified,High,Needs Engineering Sign-off
C:\Users\Kawinfinite PC 32\Downloads\Buildogram\buildogram-app\src\data\seo\localServices.js,"{ q: 'What IS codes apply to structural steel construction in {area}?', a: 'Key applicable codes: IS 800 (General Construction in Steel), IS 2062 (Hot Rolled Steel), IS 1367 (Bolts and Nuts), IS 823 (Welding), and NBC 2016 for structural loads.' },",NBC,Unknown,Codebase,Pending Review,,Unverified,High,Needs Engineering Sign-off
C:\Users\Kawinfinite PC 32\Downloads\Buildogram\buildogram-app\src\data\seo\localServices.js,"{ q: 'Do I need CMDA or GCC approval for home construction in {area}?', a: 'Yes. {approvalNote}. Building without approval is illegal and can result in demolition orders. Buildogram helps you verify approval requirements for your specific plot.' },",CMDA,Unknown,Codebase,Pending Review,,Unverified,High,Needs Engineering Sign-off
C:\Users\Kawinfinite PC 32\Downloads\Buildogram\buildogram-app\src\data\seo\localServices.js,"{ step: '05', title: 'Structural Audit Report', desc: 'A written report documenting all observations, risk classification, and a recommended repair/retrofit pathway. NDT coordination available where additional diagnostic data is needed.' },",NDT,Unknown,Codebase,Pending Review,,Unverified,High,Needs Engineering Sign-off
C:\Users\Kawinfinite PC 32\Downloads\Buildogram\buildogram-app\src\data\seo\localServices.js,"{ q: 'What is typically not included in a contractor\'s sqft rate?', a: 'Most sqft-rate quotes exclude: government approvals, soil testing, site clearing, compound wall, bore well, overhead water tank, landscaping, utility connections, and interior furniture. Always ask for a detailed inclusion list.' },",soil testing,Unknown,Codebase,Pending Review,,Unverified,High,Needs Engineering Sign-off
C:\Users\Kawinfinite PC 32\Downloads\Buildogram\buildogram-app\src\data\seo\localServices.js,"processSummary: 'Submit Plans → Structural Audit → Compliance Check → Feedback Report',",structural audit,Unknown,Codebase,Pending Review,,Unverified,High,Needs Engineering Sign-off
C:\Users\Kawinfinite PC 32\Downloads\Buildogram\buildogram-app\src\data\seo\localServices.js,"{ q: 'What is NDT testing and is it included in the structural audit?', a: 'Non-Destructive Testing (NDT) techniques like Rebound Hammer (Schmidt Hammer) testing assess concrete compressive strength without damaging the structure. Ultrasonic Pulse Velocity (UPV) detects internal voids and cracks. Buildogram can coordinate NDT testing as an add-on to the visual structural audit.' },",UPV,Unknown,Codebase,Pending Review,,Unverified,High,Needs Engineering Sign-off
C:\Users\Kawinfinite PC 32\Downloads\Buildogram\buildogram-app\src\data\seo\localServices.js,"{ q: 'What is NDT testing and is it included in the structural audit?', a: 'Non-Destructive Testing (NDT) techniques like Rebound Hammer (Schmidt Hammer) testing assess concrete compressive strength without damaging the structure. Ultrasonic Pulse Velocity (UPV) detects internal voids and cracks. Buildogram can coordinate NDT testing as an add-on to the visual structural audit.' },",rebound hammer,Unknown,Codebase,Pending Review,,Unverified,High,Needs Engineering Sign-off
C:\Users\Kawinfinite PC 32\Downloads\Buildogram\buildogram-app\src\data\seo\materials.js,"metaDescription: 'Buy CPVC, uPVC, and GI plumbing pipes from Ashirvad, Supreme, and Finolex in Chennai. Quality checks and delivery verification for your construction project.',",UPV,Unknown,Codebase,Pending Review,,Unverified,High,Needs Engineering Sign-off
C:\Users\Kawinfinite PC 32\Downloads\Buildogram\buildogram-app\src\data\seo\serviceHubs.js,"{ q: 'What IS codes apply to structural steel construction in Chennai?', a: 'Key codes: IS 800 (General Construction in Steel), IS 2062 (Hot Rolled Steel), IS 1367 (Bolts and Nuts), IS 823 (Welding), and NBC 2016 for structural loads. Buildogram engineers verify code compliance during design review and site supervision.' },",IS code,Unknown,Codebase,Pending Review,,Unverified,High,Needs Engineering Sign-off
C:\Users\Kawinfinite PC 32\Downloads\Buildogram\buildogram-app\src\data\seo\serviceHubs.js,"{ q: 'What is IS 2062 and why does it matter?', a: 'IS 2062 is the Indian Standard for Hot Rolled Medium and High Tensile Structural Steel. It specifies chemical composition, mechanical properties, and tolerances. Insisting on IS 2062 Grade E250 (or higher) with MTC is essential for any structural fabrication.' },",Indian Standard,Unknown,Codebase,Pending Review,,Unverified,High,Needs Engineering Sign-off
C:\Users\Kawinfinite PC 32\Downloads\Buildogram\buildogram-app\src\data\seo\serviceHubs.js,"{ q: 'What IS codes apply to structural steel construction in Chennai?', a: 'Key codes: IS 800 (General Construction in Steel), IS 2062 (Hot Rolled Steel), IS 1367 (Bolts and Nuts), IS 823 (Welding), and NBC 2016 for structural loads. Buildogram engineers verify code compliance during design review and site supervision.' },",NBC,Unknown,Codebase,Pending Review,,Unverified,High,Needs Engineering Sign-off
C:\Users\Kawinfinite PC 32\Downloads\Buildogram\buildogram-app\src\data\seo\serviceHubs.js,"{ q: 'What approvals are needed for an industrial shed in Chennai?', a: 'Typically required: building plan approval from GCC/CMDA, factory license (from TNPC for manufacturing use), fire NOC for buildings above certain size, and environmental clearance for specified industries. Buildogram helps map the specific approvals needed.' },",CMDA,Unknown,Codebase,Pending Review,,Unverified,High,Needs Engineering Sign-off
C:\Users\Kawinfinite PC 32\Downloads\Buildogram\buildogram-app\src\data\seo\serviceHubs.js,"{ q: 'What regulatory approvals are needed for a factory in Chennai?', a: 'Typical approvals: building plan (GCC/CMDA/DTCP depending on location), factory license (Factories Act, Tamil Nadu), fire NOC, consent to establish from TNPCB (if manufacturing activity), and EB power connection. Buildogram maps the required approvals for your specific industry and location.' },",DTCP,Unknown,Codebase,Pending Review,,Unverified,High,Needs Engineering Sign-off
C:\Users\Kawinfinite PC 32\Downloads\Buildogram\buildogram-app\src\data\seo\serviceHubs.js,"metaDesc: 'Engineer-coordinated structural audits in Chennai. Visual inspection, crack mapping, corrosion assessment, settlement analysis, NDT coordination & written structural health report. Buildogram.',",NDT,Unknown,Codebase,Pending Review,,Unverified,High,Needs Engineering Sign-off
C:\Users\Kawinfinite PC 32\Downloads\Buildogram\buildogram-app\src\data\seo\serviceHubs.js,"{ icon: 'building', title: 'Missing Item Check', desc: 'Check for commonly excluded items: compound wall, bore well, soil testing, approval fees, utility connections.' },",soil testing,Unknown,Codebase,Pending Review,,Unverified,High,Needs Engineering Sign-off
C:\Users\Kawinfinite PC 32\Downloads\Buildogram\buildogram-app\src\data\seo\serviceHubs.js,"{ icon: 'audit', title: 'Structural Audit', desc: 'Crack inspection, corrosion assessment, settlement analysis, and structural health reporting for existing or under-construction buildings.' },",structural audit,Unknown,Codebase,Pending Review,,Unverified,High,Needs Engineering Sign-off
C:\Users\Kawinfinite PC 32\Downloads\Buildogram\buildogram-app\src\data\seo\serviceHubs.js,"{ icon: 'scan', title: 'NDT Coordination', desc: 'Coordinate Rebound Hammer (Schmidt Hammer) and Ultrasonic Pulse Velocity (UPV) testing for quantitative structural assessment where needed.' },",UPV,Unknown,Codebase,Pending Review,,Unverified,High,Needs Engineering Sign-off
C:\Users\Kawinfinite PC 32\Downloads\Buildogram\buildogram-app\src\data\seo\serviceHubs.js,"{ icon: 'scan', title: 'NDT Coordination', desc: 'Coordinate Rebound Hammer (Schmidt Hammer) and Ultrasonic Pulse Velocity (UPV) testing for quantitative structural assessment where needed.' },",rebound hammer,Unknown,Codebase,Pending Review,,Unverified,High,Needs Engineering Sign-off
C:\Users\Kawinfinite PC 32\Downloads\Buildogram\buildogram-app\src\data\services.js,"{ step: ""02"", title: ""Architectural & Structural Design"", desc: ""Our team produces CMDA/DTCP-compliant 2D drawings and 3D elevations. Structural design covers beam sizes, column spacing, and rebar layouts \u2014 all per IS codes."" },",IS code,Unknown,Codebase,Pending Review,,Unverified,High,Needs Engineering Sign-off
C:\Users\Kawinfinite PC 32\Downloads\Buildogram\buildogram-app\src\data\services.js,"{ question: ""What standards are used?"", answer: ""All tests follow relevant IS (Indian Standard) codes and ASTM standards as applicable to the specific test method."" },",Indian Standard,Unknown,Codebase,Pending Review,,Unverified,High,Needs Engineering Sign-off
C:\Users\Kawinfinite PC 32\Downloads\Buildogram\buildogram-app\src\data\services.js,"{ step: ""02"", title: ""Architectural & Structural Design"", desc: ""Our team produces CMDA/DTCP-compliant 2D drawings and 3D elevations. Structural design covers beam sizes, column spacing, and rebar layouts \u2014 all per IS codes."" },",CMDA,Unknown,Codebase,Pending Review,,Unverified,High,Needs Engineering Sign-off
C:\Users\Kawinfinite PC 32\Downloads\Buildogram\buildogram-app\src\data\services.js,"{ step: ""02"", title: ""Architectural & Structural Design"", desc: ""Our team produces CMDA/DTCP-compliant 2D drawings and 3D elevations. Structural design covers beam sizes, column spacing, and rebar layouts \u2014 all per IS codes."" },",DTCP,Unknown,Codebase,Pending Review,,Unverified,High,Needs Engineering Sign-off
C:\Users\Kawinfinite PC 32\Downloads\Buildogram\buildogram-app\src\data\services.js,"title: ""Dynamic Pile Load Test (PDA) in Chennai | CAPWAP Analysis | Buildogram"",",CAPWAP,Unknown,Codebase,Pending Review,,Unverified,High,Needs Engineering Sign-off
C:\Users\Kawinfinite PC 32\Downloads\Buildogram\buildogram-app\src\data\services.js,"title: ""Structural Audit Services in Chennai | NDT & Health Monitoring"",",NDT,Unknown,Codebase,Pending Review,,Unverified,High,Needs Engineering Sign-off
C:\Users\Kawinfinite PC 32\Downloads\Buildogram\buildogram-app\src\data\services.js,"relatedLinks: [[""Turnkey Construction"", ""/turnkey-construction-chennai""], [""Site Supervision"", ""/site-supervision-chennai""], [""BOQ Calculator"", ""/boq-calculator""], [""Soil Testing"", ""/soil-testing-chennai""], [""Structural Audit"", ""/structural-audit-chennai""]],",soil testing,Unknown,Codebase,Pending Review,,Unverified,High,Needs Engineering Sign-off
C:\Users\Kawinfinite PC 32\Downloads\Buildogram\buildogram-app\src\data\services.js,"relatedLinks: [[""Turnkey Construction"", ""/turnkey-construction-chennai""], [""Site Supervision"", ""/site-supervision-chennai""], [""BOQ Calculator"", ""/boq-calculator""], [""Soil Testing"", ""/soil-testing-chennai""], [""Structural Audit"", ""/structural-audit-chennai""]],",structural audit,Unknown,Codebase,Pending Review,,Unverified,High,Needs Engineering Sign-off
C:\Users\Kawinfinite PC 32\Downloads\Buildogram\buildogram-app\src\data\services.js,"answerText: ""A building structural audit includes visual inspection of all structural elements, NDT testing (rebound hammer, UPV, rebar scanning as required), crack mapping and classification, assessment of material deterioration, and a formal structural audit report with engineer recommendations for repair or further investigation."",",UPV,Unknown,Codebase,Pending Review,,Unverified,High,Needs Engineering Sign-off
C:\Users\Kawinfinite PC 32\Downloads\Buildogram\buildogram-app\src\data\services.js,"{ step: ""01"", title: ""Old Structure Assessment"", desc: ""Before any demolition, our engineers assess the existing structure. We use Rebound Hammer tests to check concrete strength, and inspect columns and beams for corrosion or cracking damage."" },",rebound hammer,Unknown,Codebase,Pending Review,,Unverified,High,Needs Engineering Sign-off
C:\Users\Kawinfinite PC 32\Downloads\Buildogram\buildogram-app\src\data\services.js,"metaDescription: ""Certified Rebound Hammer testing services in Chennai. Instantly measure the compressive strength of existing concrete columns, beams, and slabs without core cutting."",",core cutting,Unknown,Codebase,Pending Review,,Unverified,High,Needs Engineering Sign-off
C:\Users\Kawinfinite PC 32\Downloads\Buildogram\buildogram-app\src\data\services.js,"title: ""Land Surveyors in Chennai | DGPS, Total Station & FMB Sketch"",",DGPS,Unknown,Codebase,Pending Review,,Unverified,High,Needs Engineering Sign-off
C:\Users\Kawinfinite PC 32\Downloads\Buildogram\buildogram-app\src\lib\ai-floor-plan\rules.js,"const NBC_RULES = {",NBC,Unknown,Codebase,Pending Review,,Unverified,High,Needs Engineering Sign-off
C:\Users\Kawinfinite PC 32\Downloads\Buildogram\buildogram-app\src\lib\ai-tools\followUpRules.js,"result.next_best_action = 'Pitch soil testing necessity for structural safety and quote price.';",soil testing,Unknown,Codebase,Pending Review,,Unverified,High,Needs Engineering Sign-off
C:\Users\Kawinfinite PC 32\Downloads\Buildogram\buildogram-app\src\lib\ai-tools\followUpRules.js,"case 'Structural Audit':",structural audit,Unknown,Codebase,Pending Review,,Unverified,High,Needs Engineering Sign-off
C:\Users\Kawinfinite PC 32\Downloads\Buildogram\buildogram-app\src\lib\ai-tools\followUpRules.js,"result.suggested_call_script = 'Hi, we see you need a land survey for boundary/layout marking. Our DGPS surveyors can be deployed tomorrow. Shall we schedule?';",DGPS,Unknown,Codebase,Pending Review,,Unverified,High,Needs Engineering Sign-off
C:\Users\Kawinfinite PC 32\Downloads\Buildogram\buildogram-app\src\lib\ai.js,"Do not invent details not present in the BOQ text. If the text is short, point out all the missing standard items (like soil testing, EB line, specific steel grades).",soil testing,Unknown,Codebase,Pending Review,,Unverified,High,Needs Engineering Sign-off
C:\Users\Kawinfinite PC 32\Downloads\Buildogram\buildogram-app\src\lib\boq-calc\engine.js,"mkItem(56, 'Site Works',   'Plan Approval / Building Permit & DTCP/CMDA Fees',        'Sqft', qApprovals,           R[56]?.rateAvg    || 38,   marginPct, R[56]),",CMDA,Unknown,Codebase,Pending Review,,Unverified,High,Needs Engineering Sign-off
C:\Users\Kawinfinite PC 32\Downloads\Buildogram\buildogram-app\src\lib\boq-calc\engine.js,"mkItem(56, 'Site Works',   'Plan Approval / Building Permit & DTCP/CMDA Fees',        'Sqft', qApprovals,           R[56]?.rateAvg    || 38,   marginPct, R[56]),",DTCP,Unknown,Codebase,Pending Review,,Unverified,High,Needs Engineering Sign-off
C:\Users\Kawinfinite PC 32\Downloads\Buildogram\buildogram-app\src\lib\boq-calc\engine.js,"* Returns: { items[], sectionTotals{}, buildingEstimate, grandTotal, ratePerSqft, marginVariants{} }",NDT,Unknown,Codebase,Pending Review,,Unverified,High,Needs Engineering Sign-off
C:\Users\Kawinfinite PC 32\Downloads\Buildogram\buildogram-app\src\lib\boq-calc\engine.js,"*     upvcWindowsSqft,      // manual UPVC sqft override",UPV,Unknown,Codebase,Pending Review,,Unverified,High,Needs Engineering Sign-off
C:\Users\Kawinfinite PC 32\Downloads\Buildogram\buildogram-app\src\lib\boq-calc\excel-engine-debug.js,"const grandTotal = round2(buildingEstimate + additionalTotal);",NDT,Unknown,Codebase,Pending Review,,Unverified,High,Needs Engineering Sign-off
C:\Users\Kawinfinite PC 32\Downloads\Buildogram\buildogram-app\src\lib\boq-calc\excel-engine-debug.js,"const qUPVC = n(premiumItems.upvcWindowsSqft);",UPV,Unknown,Codebase,Pending Review,,Unverified,High,Needs Engineering Sign-off
C:\Users\Kawinfinite PC 32\Downloads\Buildogram\buildogram-app\src\lib\boq-calc\excel-engine.js,"const grandTotal = round2(buildingEstimate + additionalTotal);",NDT,Unknown,Codebase,Pending Review,,Unverified,High,Needs Engineering Sign-off
C:\Users\Kawinfinite PC 32\Downloads\Buildogram\buildogram-app\src\lib\boq-calc\excel-engine.js,"const qUPVC = n(premiumItems.upvcWindowsSqft);",UPV,Unknown,Codebase,Pending Review,,Unverified,High,Needs Engineering Sign-off
C:\Users\Kawinfinite PC 32\Downloads\Buildogram\buildogram-app\src\lib\boq-calc\rates.js,"description: 'Plan approval / building permit & DTCP/CMDA fees (per sqft BUA)',",CMDA,Unknown,Codebase,Pending Review,,Unverified,High,Needs Engineering Sign-off
C:\Users\Kawinfinite PC 32\Downloads\Buildogram\buildogram-app\src\lib\boq-calc\rates.js,"description: 'Plan approval / building permit & DTCP/CMDA fees (per sqft BUA)',",DTCP,Unknown,Codebase,Pending Review,,Unverified,High,Needs Engineering Sign-off
C:\Users\Kawinfinite PC 32\Downloads\Buildogram\buildogram-app\src\lib\boq-calc\rates.js,"// UPVC WINDOWS — MAJOR FIX: COCENA ₹1,050/Sft (engine already uses Sqft — no conversion needed)",UPV,Unknown,Codebase,Pending Review,,Unverified,High,Needs Engineering Sign-off
C:\Users\Kawinfinite PC 32\Downloads\Buildogram\buildogram-app\src\lib\brand\positioning.js,"endToEndDescription:",NDT,Unknown,Codebase,Pending Review,,Unverified,High,Needs Engineering Sign-off
C:\Users\Kawinfinite PC 32\Downloads\Buildogram\buildogram-app\src\lib\brand\positioning.js,"'Structural Audit',",structural audit,Unknown,Codebase,Pending Review,,Unverified,High,Needs Engineering Sign-off
C:\Users\Kawinfinite PC 32\Downloads\Buildogram\buildogram-app\src\lib\content\contentCalendarTemplates.js,"[Insert details from structural audits, BOQ reviews, or material testing]",structural audit,Unknown,Codebase,Pending Review,,Unverified,High,Needs Engineering Sign-off
C:\Users\Kawinfinite PC 32\Downloads\Buildogram\buildogram-app\src\lib\notifications.js,"const endTime = endH + endM / 60;",NDT,Unknown,Codebase,Pending Review,,Unverified,High,Needs Engineering Sign-off
C:\Users\Kawinfinite PC 32\Downloads\Buildogram\buildogram-app\src\lib\partnerStore.js,"certifications: ['BIS Certified (IS 14665)', 'CMDA Approved', 'TÜV SÜD Inspected'],",CMDA,Unknown,Codebase,Pending Review,,Unverified,High,Needs Engineering Sign-off
C:\Users\Kawinfinite PC 32\Downloads\Buildogram\buildogram-app\src\lib\projects\milestoneTemplates.js,"{ name: ""NDT Planning"", stage: ""planning"" },",NDT,Unknown,Codebase,Pending Review,,Unverified,High,Needs Engineering Sign-off
C:\Users\Kawinfinite PC 32\Downloads\Buildogram\buildogram-app\src\lib\seo\internalLinks.js,"{ label: 'NDT Testing', href: '/ndt-testing-chennai', description: 'Non-Destructive Testing for concrete strength.' },",NDT,Unknown,Codebase,Pending Review,,Unverified,High,Needs Engineering Sign-off
C:\Users\Kawinfinite PC 32\Downloads\Buildogram\buildogram-app\src\lib\seo\internalLinks.js,"{ label: 'Structural Audit', href: '/structural-audit-chennai', description: 'Comprehensive building health assessments.' },",structural audit,Unknown,Codebase,Pending Review,,Unverified,High,Needs Engineering Sign-off
C:\Users\Kawinfinite PC 32\Downloads\Buildogram\buildogram-app\src\lib\seo\internalLinks.js,"{ label: 'UPV Test', href: '/upv-test-chennai', description: 'Ultrasonic Pulse Velocity for internal flaws.' },",UPV,Unknown,Codebase,Pending Review,,Unverified,High,Needs Engineering Sign-off
C:\Users\Kawinfinite PC 32\Downloads\Buildogram\buildogram-app\src\lib\seo\internalLinks.js,"{ label: 'Rebound Hammer Test', href: '/rebound-hammer-test-chennai', description: 'Surface hardness and compressive strength.' },",rebound hammer,Unknown,Codebase,Pending Review,,Unverified,High,Needs Engineering Sign-off
C:\Users\Kawinfinite PC 32\Downloads\Buildogram\buildogram-app\src\lib\seo\internalLinks.js,"{ label: 'DGPS Survey', href: '/dgps-survey-chennai', description: 'Satellite-based high-precision land mapping.' },",DGPS,Unknown,Codebase,Pending Review,,Unverified,High,Needs Engineering Sign-off
C:\Users\Kawinfinite PC 32\Downloads\Buildogram\buildogram-app\src\lib\seo\localPageGenerator.js,"zone: 'GCC / CMDA',",CMDA,Unknown,Codebase,Pending Review,,Unverified,High,Needs Engineering Sign-off
C:\Users\Kawinfinite PC 32\Downloads\Buildogram\buildogram-app\src\lib\seo\schema.js,"'Building Structural Audit',",structural audit,Unknown,Codebase,Pending Review,,Unverified,High,Needs Engineering Sign-off