url,route_family,current_title,gsc_impressions,gsc_clicks,gsc_ctr,gsc_avg_position,top_query,commercial_intent,capability_status,competing_buildogram_urls,tier,selected_for_sprint,notes
/,static,Contractor quotes hide the real costs,PENDING_GSC,PENDING_GSC,PENDING_GSC,PENDING_GSC,PENDING_GSC,NOT_YET_CLASSIFIED,NOT_ASSESSED,,PENDING_GSC,NO,
/about,static,About Buildogram | Engineer-Led Construction Intelligence — Chennai,PENDING_GSC,PENDING_GSC,PENDING_GSC,PENDING_GSC,PENDING_GSC,NOT_YET_CLASSIFIED,NOT_ASSESSED,,PENDING_GSC,NO,
/ai-boq-checker,static,AI BOQ Checker | Detect Missing Items & Inflated Rates | Buildogram Chennai,PENDING_GSC,PENDING_GSC,PENDING_GSC,PENDING_GSC,PENDING_GSC,NOT_YET_CLASSIFIED,NOT_ASSESSED,,PENDING_GSC,NO,
/ai-construction-cost-estimator,static,AI Construction Cost Estimator Chennai | Preliminary Cost Planning | Buildogram,PENDING_GSC,PENDING_GSC,PENDING_GSC,PENDING_GSC,PENDING_GSC,NOT_YET_CLASSIFIED,NOT_ASSESSED,,PENDING_GSC,NO,
/ai-contractor-quote-analyzer,static,AI Contractor Quote Analyzer | Detect Hidden Costs Before You Sign | Buildogram,PENDING_GSC,PENDING_GSC,PENDING_GSC,PENDING_GSC,PENDING_GSC,NOT_YET_CLASSIFIED,NOT_ASSESSED,,PENDING_GSC,NO,
/ai-floor-plan-creator,static,,PENDING_GSC,PENDING_GSC,PENDING_GSC,PENDING_GSC,PENDING_GSC,NOT_YET_CLASSIFIED,NOT_ASSESSED,,PENDING_GSC,NO,
/ai-floor-plan-creator/studio,static,,PENDING_GSC,PENDING_GSC,PENDING_GSC,PENDING_GSC,PENDING_GSC,NOT_YET_CLASSIFIED,NOT_ASSESSED,,PENDING_GSC,NO,
/ai-material-estimator,static,"AI Material Requirement Estimator Chennai | Cement, Steel, Bricks | Buildogram",PENDING_GSC,PENDING_GSC,PENDING_GSC,PENDING_GSC,PENDING_GSC,NOT_YET_CLASSIFIED,NOT_ASSESSED,,PENDING_GSC,NO,
/ai-pile-foundation-boq-checker,static,AI Pile Foundation BOQ Checker | AI-Engineered Piling BOQ Review | Buildogram,PENDING_GSC,PENDING_GSC,PENDING_GSC,PENDING_GSC,PENDING_GSC,NOT_YET_CLASSIFIED,NOT_ASSESSED,,PENDING_GSC,NO,
/ai-property-passport-assistant,static,AI Property Passport Assistant | AI-Engineered Documentation Checklist | Buildogram,PENDING_GSC,PENDING_GSC,PENDING_GSC,PENDING_GSC,PENDING_GSC,NOT_YET_CLASSIFIED,NOT_ASSESSED,,PENDING_GSC,NO,
/ai-soil-test-requirement-builder,static,AI Soil Test Requirement Builder | AI-Engineered Geotechnical Scope | Buildogram,PENDING_GSC,PENDING_GSC,PENDING_GSC,PENDING_GSC,PENDING_GSC,NOT_YET_CLASSIFIED,NOT_ASSESSED,,PENDING_GSC,NO,
/ai-structural-audit-intake,static,AI Structural Audit Intake | Prepare Your Building Audit Brief | Buildogram,PENDING_GSC,PENDING_GSC,PENDING_GSC,PENDING_GSC,PENDING_GSC,NOT_YET_CLASSIFIED,NOT_ASSESSED,,PENDING_GSC,NO,
/ai-survey-requirement-builder,static,AI Survey Requirement Builder | Know Your Land Survey Needs | Buildogram,PENDING_GSC,PENDING_GSC,PENDING_GSC,PENDING_GSC,PENDING_GSC,NOT_YET_CLASSIFIED,NOT_ASSESSED,,PENDING_GSC,NO,
/ai-tools,static,"AI-Engineered Construction Tools | BOQ Checker, Cost Estimator & More | Buildogram",PENDING_GSC,PENDING_GSC,PENDING_GSC,PENDING_GSC,PENDING_GSC,NOT_YET_CLASSIFIED,NOT_ASSESSED,,PENDING_GSC,NO,
/ai/boq-draft,static,,PENDING_GSC,PENDING_GSC,PENDING_GSC,PENDING_GSC,PENDING_GSC,NOT_YET_CLASSIFIED,NOT_ASSESSED,,PENDING_GSC,NO,
/ai/plan-review,static,,PENDING_GSC,PENDING_GSC,PENDING_GSC,PENDING_GSC,PENDING_GSC,NOT_YET_CLASSIFIED,NOT_ASSESSED,,PENDING_GSC,NO,
/ai/site-assistant,static,,PENDING_GSC,PENDING_GSC,PENDING_GSC,PENDING_GSC,PENDING_GSC,NOT_YET_CLASSIFIED,NOT_ASSESSED,,PENDING_GSC,NO,
/blog,static,Construction Blog | Expert Insights & Articles | Buildogram,PENDING_GSC,PENDING_GSC,PENDING_GSC,PENDING_GSC,PENDING_GSC,NOT_YET_CLASSIFIED,NOT_ASSESSED,,PENDING_GSC,NO,
/boq-audit,static,BOQ Review and Contractor Quote Audit | Buildogram,PENDING_GSC,PENDING_GSC,PENDING_GSC,PENDING_GSC,PENDING_GSC,NOT_YET_CLASSIFIED,NOT_ASSESSED,,PENDING_GSC,NO,
/boq-calculator,static,,PENDING_GSC,PENDING_GSC,PENDING_GSC,PENDING_GSC,PENDING_GSC,NOT_YET_CLASSIFIED,NOT_ASSESSED,,PENDING_GSC,NO,
/boq-review-chennai,static,BOQ Review & Audit in Chennai | Contractor Quote Check | Buildogram,PENDING_GSC,PENDING_GSC,PENDING_GSC,PENDING_GSC,PENDING_GSC,NOT_YET_CLASSIFIED,NOT_ASSESSED,,PENDING_GSC,NO,
/build,static,Construction Support and Contractor Marketplace | Buildogram,PENDING_GSC,PENDING_GSC,PENDING_GSC,PENDING_GSC,PENDING_GSC,NOT_YET_CLASSIFIED,NOT_ASSESSED,,PENDING_GSC,NO,
/build/commercial,static,,PENDING_GSC,PENDING_GSC,PENDING_GSC,PENDING_GSC,PENDING_GSC,NOT_YET_CLASSIFIED,NOT_ASSESSED,,PENDING_GSC,NO,
/build/home-construction,static,,PENDING_GSC,PENDING_GSC,PENDING_GSC,PENDING_GSC,PENDING_GSC,NOT_YET_CLASSIFIED,NOT_ASSESSED,,PENDING_GSC,NO,
/build/renovation,static,,PENDING_GSC,PENDING_GSC,PENDING_GSC,PENDING_GSC,PENDING_GSC,NOT_YET_CLASSIFIED,NOT_ASSESSED,,PENDING_GSC,NO,
/build/villa-construction,static,,PENDING_GSC,PENDING_GSC,PENDING_GSC,PENDING_GSC,PENDING_GSC,NOT_YET_CLASSIFIED,NOT_ASSESSED,,PENDING_GSC,NO,
/build/warranty,static,,PENDING_GSC,PENDING_GSC,PENDING_GSC,PENDING_GSC,PENDING_GSC,NOT_YET_CLASSIFIED,NOT_ASSESSED,,PENDING_GSC,NO,
/case-studies,static,Construction Case Studies in Chennai | Real Project Results | Buildogram,PENDING_GSC,PENDING_GSC,PENDING_GSC,PENDING_GSC,PENDING_GSC,NOT_YET_CLASSIFIED,NOT_ASSESSED,,PENDING_GSC,NO,
/compare,static,Compare | Buildogram,PENDING_GSC,PENDING_GSC,PENDING_GSC,PENDING_GSC,PENDING_GSC,NOT_YET_CLASSIFIED,NOT_ASSESSED,,PENDING_GSC,NO,
/compare/360-tour-vs-property-photos,compare,360° Property Tour vs. Standard Property Photos,PENDING_GSC,PENDING_GSC,PENDING_GSC,PENDING_GSC,PENDING_GSC,NOT_YET_CLASSIFIED,NOT_ASSESSED,,PENDING_GSC,NO,
/compare/boq-review-vs-contractor-estimate,compare,BOQ Review vs. Contractor Estimate — What\,PENDING_GSC,PENDING_GSC,PENDING_GSC,PENDING_GSC,PENDING_GSC,NOT_YET_CLASSIFIED,NOT_ASSESSED,,PENDING_GSC,NO,
/compare/buildogram-vs-contractor,compare,Buildogram vs. Hiring a Contractor Directly,PENDING_GSC,PENDING_GSC,PENDING_GSC,PENDING_GSC,PENDING_GSC,NOT_YET_CLASSIFIED,NOT_ASSESSED,,PENDING_GSC,NO,
/compare/pmc-vs-turnkey-construction,compare,PMC vs. End-to-End Construction — Which is Right for You?,PENDING_GSC,PENDING_GSC,PENDING_GSC,PENDING_GSC,PENDING_GSC,NOT_YET_CLASSIFIED,NOT_ASSESSED,,PENDING_GSC,NO,
/compare/property-passport-vs-document-folder,compare,Property Passport vs. Physical Document Folder,PENDING_GSC,PENDING_GSC,PENDING_GSC,PENDING_GSC,PENDING_GSC,NOT_YET_CLASSIFIED,NOT_ASSESSED,,PENDING_GSC,NO,
/construction-in-chennai,static,Construction in Chennai | Building Support & Services | Buildogram,PENDING_GSC,PENDING_GSC,PENDING_GSC,PENDING_GSC,PENDING_GSC,NOT_YET_CLASSIFIED,NOT_ASSESSED,,PENDING_GSC,NO,
/contact,static,,PENDING_GSC,PENDING_GSC,PENDING_GSC,PENDING_GSC,PENDING_GSC,NOT_YET_CLASSIFIED,NOT_ASSESSED,,PENDING_GSC,NO,
/cost-estimator,static,Lack of clarity,PENDING_GSC,PENDING_GSC,PENDING_GSC,PENDING_GSC,PENDING_GSC,NOT_YET_CLASSIFIED,NOT_ASSESSED,,PENDING_GSC,NO,
/disclaimer,static,Legal Disclaimer | Buildogram,PENDING_GSC,PENDING_GSC,PENDING_GSC,PENDING_GSC,PENDING_GSC,NOT_YET_CLASSIFIED,NOT_ASSESSED,,PENDING_GSC,NO,
/end-to-end-construction-support-chennai,static,End-to-End Construction Support in Chennai | Buildogram,PENDING_GSC,PENDING_GSC,PENDING_GSC,PENDING_GSC,PENDING_GSC,NOT_YET_CLASSIFIED,NOT_ASSESSED,,PENDING_GSC,NO,
/faqs,static,"FAQs | Construction, BOQ, Property & Quality Questions | Buildogram",PENDING_GSC,PENDING_GSC,PENDING_GSC,PENDING_GSC,PENDING_GSC,NOT_YET_CLASSIFIED,NOT_ASSESSED,,PENDING_GSC,NO,
/faqs/boq,faqs,BOQ & Cost FAQs,PENDING_GSC,PENDING_GSC,PENDING_GSC,PENDING_GSC,PENDING_GSC,NOT_YET_CLASSIFIED,NOT_ASSESSED,,PENDING_GSC,NO,
/faqs/client-portal,faqs,Client Portal FAQs,PENDING_GSC,PENDING_GSC,PENDING_GSC,PENDING_GSC,PENDING_GSC,NOT_YET_CLASSIFIED,NOT_ASSESSED,,PENDING_GSC,NO,
/faqs/construction,faqs,Construction FAQs,PENDING_GSC,PENDING_GSC,PENDING_GSC,PENDING_GSC,PENDING_GSC,NOT_YET_CLASSIFIED,NOT_ASSESSED,,PENDING_GSC,NO,
/faqs/maintenance,faqs,Property Maintenance FAQs,PENDING_GSC,PENDING_GSC,PENDING_GSC,PENDING_GSC,PENDING_GSC,NOT_YET_CLASSIFIED,NOT_ASSESSED,,PENDING_GSC,NO,
/faqs/materials,faqs,Construction Materials FAQs,PENDING_GSC,PENDING_GSC,PENDING_GSC,PENDING_GSC,PENDING_GSC,NOT_YET_CLASSIFIED,NOT_ASSESSED,,PENDING_GSC,NO,
/faqs/partners,faqs,Partner Ecosystem FAQs,PENDING_GSC,PENDING_GSC,PENDING_GSC,PENDING_GSC,PENDING_GSC,NOT_YET_CLASSIFIED,NOT_ASSESSED,,PENDING_GSC,NO,
/faqs/payments,faqs,Payments & Pricing FAQs,PENDING_GSC,PENDING_GSC,PENDING_GSC,PENDING_GSC,PENDING_GSC,NOT_YET_CLASSIFIED,NOT_ASSESSED,,PENDING_GSC,NO,
/faqs/plan-review,faqs,Plan Review FAQs,PENDING_GSC,PENDING_GSC,PENDING_GSC,PENDING_GSC,PENDING_GSC,NOT_YET_CLASSIFIED,NOT_ASSESSED,,PENDING_GSC,NO,
/faqs/property-listings,faqs,Property Listing FAQs,PENDING_GSC,PENDING_GSC,PENDING_GSC,PENDING_GSC,PENDING_GSC,NOT_YET_CLASSIFIED,NOT_ASSESSED,,PENDING_GSC,NO,
/faqs/property-passport,faqs,Property Passport FAQs,PENDING_GSC,PENDING_GSC,PENDING_GSC,PENDING_GSC,PENDING_GSC,NOT_YET_CLASSIFIED,NOT_ASSESSED,,PENDING_GSC,NO,
/glossary,static,Construction & Property Glossary | Buildogram,PENDING_GSC,PENDING_GSC,PENDING_GSC,PENDING_GSC,PENDING_GSC,NOT_YET_CLASSIFIED,NOT_ASSESSED,,PENDING_GSC,NO,
/glossary/360-tour,glossary,360° Virtual Tour,PENDING_GSC,PENDING_GSC,PENDING_GSC,PENDING_GSC,PENDING_GSC,NOT_YET_CLASSIFIED,NOT_ASSESSED,,PENDING_GSC,NO,
/glossary/approval-plan,glossary,Approval Plan,PENDING_GSC,PENDING_GSC,PENDING_GSC,PENDING_GSC,PENDING_GSC,NOT_YET_CLASSIFIED,NOT_ASSESSED,,PENDING_GSC,NO,
/glossary/boq,glossary,BOQ (Bill of Quantities),PENDING_GSC,PENDING_GSC,PENDING_GSC,PENDING_GSC,PENDING_GSC,NOT_YET_CLASSIFIED,NOT_ASSESSED,,PENDING_GSC,NO,
/glossary/built-up-area,glossary,Built-Up Area (BUA),PENDING_GSC,PENDING_GSC,PENDING_GSC,PENDING_GSC,PENDING_GSC,NOT_YET_CLASSIFIED,NOT_ASSESSED,,PENDING_GSC,NO,
/glossary/carpet-area,glossary,Carpet Area,PENDING_GSC,PENDING_GSC,PENDING_GSC,PENDING_GSC,PENDING_GSC,NOT_YET_CLASSIFIED,NOT_ASSESSED,,PENDING_GSC,NO,
/glossary/change-order,glossary,Change Order,PENDING_GSC,PENDING_GSC,PENDING_GSC,PENDING_GSC,PENDING_GSC,NOT_YET_CLASSIFIED,NOT_ASSESSED,,PENDING_GSC,NO,
/glossary/completion-certificate,glossary,Completion Certificate (CC),PENDING_GSC,PENDING_GSC,PENDING_GSC,PENDING_GSC,PENDING_GSC,NOT_YET_CLASSIFIED,NOT_ASSESSED,,PENDING_GSC,NO,
/glossary/fe500-steel,glossary,Fe500 Steel (TMT Bar),PENDING_GSC,PENDING_GSC,PENDING_GSC,PENDING_GSC,PENDING_GSC,NOT_YET_CLASSIFIED,NOT_ASSESSED,,PENDING_GSC,NO,
/glossary/floor-plan,glossary,Floor Plan,PENDING_GSC,PENDING_GSC,PENDING_GSC,PENDING_GSC,PENDING_GSC,NOT_YET_CLASSIFIED,NOT_ASSESSED,,PENDING_GSC,NO,
/glossary/footing,glossary,Footing (Foundation),PENDING_GSC,PENDING_GSC,PENDING_GSC,PENDING_GSC,PENDING_GSC,NOT_YET_CLASSIFIED,NOT_ASSESSED,,PENDING_GSC,NO,
/glossary/fsi,glossary,FSI (Floor Space Index),PENDING_GSC,PENDING_GSC,PENDING_GSC,PENDING_GSC,PENDING_GSC,NOT_YET_CLASSIFIED,NOT_ASSESSED,,PENDING_GSC,NO,
/glossary/handover,glossary,Handover,PENDING_GSC,PENDING_GSC,PENDING_GSC,PENDING_GSC,PENDING_GSC,NOT_YET_CLASSIFIED,NOT_ASSESSED,,PENDING_GSC,NO,
/glossary/milestone-payment,glossary,Milestone Payment,PENDING_GSC,PENDING_GSC,PENDING_GSC,PENDING_GSC,PENDING_GSC,NOT_YET_CLASSIFIED,NOT_ASSESSED,,PENDING_GSC,NO,
/glossary/pcc,glossary,PCC (Plain Cement Concrete),PENDING_GSC,PENDING_GSC,PENDING_GSC,PENDING_GSC,PENDING_GSC,NOT_YET_CLASSIFIED,NOT_ASSESSED,,PENDING_GSC,NO,
/glossary/plinth,glossary,Plinth,PENDING_GSC,PENDING_GSC,PENDING_GSC,PENDING_GSC,PENDING_GSC,NOT_YET_CLASSIFIED,NOT_ASSESSED,,PENDING_GSC,NO,
/glossary/pmc,glossary,PMC (Project Management Consulting),PENDING_GSC,PENDING_GSC,PENDING_GSC,PENDING_GSC,PENDING_GSC,NOT_YET_CLASSIFIED,NOT_ASSESSED,,PENDING_GSC,NO,
/glossary/property-passport,glossary,Property Passport,PENDING_GSC,PENDING_GSC,PENDING_GSC,PENDING_GSC,PENDING_GSC,NOT_YET_CLASSIFIED,NOT_ASSESSED,,PENDING_GSC,NO,
/glossary/rcc,glossary,RCC (Reinforced Cement Concrete),PENDING_GSC,PENDING_GSC,PENDING_GSC,PENDING_GSC,PENDING_GSC,NOT_YET_CLASSIFIED,NOT_ASSESSED,,PENDING_GSC,NO,
/glossary/rmc,glossary,RMC (Ready Mix Concrete),PENDING_GSC,PENDING_GSC,PENDING_GSC,PENDING_GSC,PENDING_GSC,NOT_YET_CLASSIFIED,NOT_ASSESSED,,PENDING_GSC,NO,
/glossary/sbc,glossary,SBC (Soil Bearing Capacity),PENDING_GSC,PENDING_GSC,PENDING_GSC,PENDING_GSC,PENDING_GSC,NOT_YET_CLASSIFIED,NOT_ASSESSED,,PENDING_GSC,NO,
/glossary/setback,glossary,Setback,PENDING_GSC,PENDING_GSC,PENDING_GSC,PENDING_GSC,PENDING_GSC,NOT_YET_CLASSIFIED,NOT_ASSESSED,,PENDING_GSC,NO,
/glossary/snag-list,glossary,Snag List,PENDING_GSC,PENDING_GSC,PENDING_GSC,PENDING_GSC,PENDING_GSC,NOT_YET_CLASSIFIED,NOT_ASSESSED,,PENDING_GSC,NO,
/glossary/structural-warranty,glossary,Structural Warranty,PENDING_GSC,PENDING_GSC,PENDING_GSC,PENDING_GSC,PENDING_GSC,NOT_YET_CLASSIFIED,NOT_ASSESSED,,PENDING_GSC,NO,
/glossary/sump,glossary,Sump (Underground Water Tank),PENDING_GSC,PENDING_GSC,PENDING_GSC,PENDING_GSC,PENDING_GSC,NOT_YET_CLASSIFIED,NOT_ASSESSED,,PENDING_GSC,NO,
/glossary/uds,glossary,UDS (Undivided Share of Land),PENDING_GSC,PENDING_GSC,PENDING_GSC,PENDING_GSC,PENDING_GSC,NOT_YET_CLASSIFIED,NOT_ASSESSED,,PENDING_GSC,NO,
/glossary/waterproofing,glossary,Waterproofing,PENDING_GSC,PENDING_GSC,PENDING_GSC,PENDING_GSC,PENDING_GSC,NOT_YET_CLASSIFIED,NOT_ASSESSED,,PENDING_GSC,NO,
/guides,static,Construction & Property Guides | Expert Advice for Homeowners | Buildogram,PENDING_GSC,PENDING_GSC,PENDING_GSC,PENDING_GSC,PENDING_GSC,NOT_YET_CLASSIFIED,NOT_ASSESSED,,PENDING_GSC,NO,
/guides/boq-checklist-for-homeowners,guides,BOQ Checklist for Homeowners: What to Verify Before Signing,PENDING_GSC,PENDING_GSC,PENDING_GSC,PENDING_GSC,PENDING_GSC,NOT_YET_CLASSIFIED,NOT_ASSESSED,,PENDING_GSC,NO,
/guides/common-floor-plan-mistakes,guides,Common Floor Plan Mistakes to Avoid in House Construction,PENDING_GSC,PENDING_GSC,PENDING_GSC,PENDING_GSC,PENDING_GSC,NOT_YET_CLASSIFIED,NOT_ASSESSED,,PENDING_GSC,NO,
/guides/common-waterproofing-problems,guides,Common Waterproofing Problems in Chennai Homes,PENDING_GSC,PENDING_GSC,PENDING_GSC,PENDING_GSC,PENDING_GSC,NOT_YET_CLASSIFIED,NOT_ASSESSED,,PENDING_GSC,NO,
/guides/construction-cost-per-square-foot-chennai,guides,Construction Cost Per Square Foot in Chennai (2024–25 Guide),PENDING_GSC,PENDING_GSC,PENDING_GSC,PENDING_GSC,PENDING_GSC,NOT_YET_CLASSIFIED,NOT_ASSESSED,,PENDING_GSC,NO,
/guides/home-maintenance-checklist,guides,Annual Home Maintenance Checklist for Chennai Homeowners,PENDING_GSC,PENDING_GSC,PENDING_GSC,PENDING_GSC,PENDING_GSC,NOT_YET_CLASSIFIED,NOT_ASSESSED,,PENDING_GSC,NO,
/guides/house-construction-checklist-for-first-time-owners,guides,House Construction Checklist for First-Time Homeowners in Chennai,PENDING_GSC,PENDING_GSC,PENDING_GSC,PENDING_GSC,PENDING_GSC,NOT_YET_CLASSIFIED,NOT_ASSESSED,,PENDING_GSC,NO,
/guides/house-plan-review-checklist,guides,House Plan Review Checklist: What to Check Before Construction,PENDING_GSC,PENDING_GSC,PENDING_GSC,PENDING_GSC,PENDING_GSC,NOT_YET_CLASSIFIED,NOT_ASSESSED,,PENDING_GSC,NO,
/guides/how-360-property-tours-help-property-owners,guides,How 360° Property Tours Help Landlords and Property Owners,PENDING_GSC,PENDING_GSC,PENDING_GSC,PENDING_GSC,PENDING_GSC,NOT_YET_CLASSIFIED,NOT_ASSESSED,,PENDING_GSC,NO,
/guides/how-plan-design-affects-construction-cost,guides,How House Plan Design Affects Your Construction Cost,PENDING_GSC,PENDING_GSC,PENDING_GSC,PENDING_GSC,PENDING_GSC,NOT_YET_CLASSIFIED,NOT_ASSESSED,,PENDING_GSC,NO,
/guides/how-property-records-help-resale,guides,How Property Records Help You Get a Better Resale Price,PENDING_GSC,PENDING_GSC,PENDING_GSC,PENDING_GSC,PENDING_GSC,NOT_YET_CLASSIFIED,NOT_ASSESSED,,PENDING_GSC,NO,
/guides/how-to-avoid-hidden-construction-costs,guides,How to Avoid Hidden Construction Costs in India,PENDING_GSC,PENDING_GSC,PENDING_GSC,PENDING_GSC,PENDING_GSC,NOT_YET_CLASSIFIED,NOT_ASSESSED,,PENDING_GSC,NO,
/guides/how-to-compare-contractor-quotes,guides,How to Compare Contractor Quotes for House Construction,PENDING_GSC,PENDING_GSC,PENDING_GSC,PENDING_GSC,PENDING_GSC,NOT_YET_CLASSIFIED,NOT_ASSESSED,,PENDING_GSC,NO,
/guides/how-to-improve-resale-value-before-listing,guides,How to Improve Your Property\,PENDING_GSC,PENDING_GSC,PENDING_GSC,PENDING_GSC,PENDING_GSC,NOT_YET_CLASSIFIED,NOT_ASSESSED,,PENDING_GSC,NO,
/guides/how-to-prepare-a-property-for-rent,guides,How to Prepare a Property for Rent in Chennai,PENDING_GSC,PENDING_GSC,PENDING_GSC,PENDING_GSC,PENDING_GSC,NOT_YET_CLASSIFIED,NOT_ASSESSED,,PENDING_GSC,NO,
/guides/property-documents-checklist-india,guides,Property Documents Checklist for Homeowners in India,PENDING_GSC,PENDING_GSC,PENDING_GSC,PENDING_GSC,PENDING_GSC,NOT_YET_CLASSIFIED,NOT_ASSESSED,,PENDING_GSC,NO,
/guides/questions-to-ask-before-finalizing-contractor,guides,20 Questions to Ask Before Finalizing a Construction Contractor,PENDING_GSC,PENDING_GSC,PENDING_GSC,PENDING_GSC,PENDING_GSC,NOT_YET_CLASSIFIED,NOT_ASSESSED,,PENDING_GSC,NO,
/guides/rental-friendly-house-plan-guide,guides,Rental-Friendly House Plan Guide for Chennai,PENDING_GSC,PENDING_GSC,PENDING_GSC,PENDING_GSC,PENDING_GSC,NOT_YET_CLASSIFIED,NOT_ASSESSED,,PENDING_GSC,NO,
/guides/rental-property-listing-checklist,guides,Rental Property Listing Checklist for Chennai Landlords,PENDING_GSC,PENDING_GSC,PENDING_GSC,PENDING_GSC,PENDING_GSC,NOT_YET_CLASSIFIED,NOT_ASSESSED,,PENDING_GSC,NO,
/guides/resale-property-listing-checklist,guides,Resale Property Listing Checklist for Chennai Sellers,PENDING_GSC,PENDING_GSC,PENDING_GSC,PENDING_GSC,PENDING_GSC,NOT_YET_CLASSIFIED,NOT_ASSESSED,,PENDING_GSC,NO,
/guides/what-is-boq-in-construction,guides,What is a BOQ in Construction?,PENDING_GSC,PENDING_GSC,PENDING_GSC,PENDING_GSC,PENDING_GSC,NOT_YET_CLASSIFIED,NOT_ASSESSED,,PENDING_GSC,NO,
/guides/what-is-property-passport,guides,What is a Property Passport and Why Do You Need One?,PENDING_GSC,PENDING_GSC,PENDING_GSC,PENDING_GSC,PENDING_GSC,NOT_YET_CLASSIFIED,NOT_ASSESSED,,PENDING_GSC,NO,
/guides/why-low-construction-quote-can-be-risky,guides,Why a Low Construction Quote Can Be Risky,PENDING_GSC,PENDING_GSC,PENDING_GSC,PENDING_GSC,PENDING_GSC,NOT_YET_CLASSIFIED,NOT_ASSESSED,,PENDING_GSC,NO,
/how-it-works,static,How Buildogram Works | 9-Stage Construction Process,PENDING_GSC,PENDING_GSC,PENDING_GSC,PENDING_GSC,PENDING_GSC,NOT_YET_CLASSIFIED,NOT_ASSESSED,,PENDING_GSC,NO,
/industrial-shed-construction-chennai,static,Industrial Shed Construction in Chennai | Factory Shed Builders | Buildogram,PENDING_GSC,PENDING_GSC,PENDING_GSC,PENDING_GSC,PENDING_GSC,NOT_YET_CLASSIFIED,NOT_ASSESSED,,PENDING_GSC,NO,
/join-as-partner,static,Join Buildogram as a Partner | AI Construction Ecosystem,PENDING_GSC,PENDING_GSC,PENDING_GSC,PENDING_GSC,PENDING_GSC,NOT_YET_CLASSIFIED,NOT_ASSESSED,,PENDING_GSC,NO,
/locations,static,Construction Services by Location in Chennai | Buildogram,PENDING_GSC,PENDING_GSC,PENDING_GSC,PENDING_GSC,PENDING_GSC,NOT_YET_CLASSIFIED,NOT_ASSESSED,,PENDING_GSC,NO,
/locations/chennai,static,"Construction Services in Chennai | BOQ, Structural Audit, Supervision | Buildogram",PENDING_GSC,PENDING_GSC,PENDING_GSC,PENDING_GSC,PENDING_GSC,NOT_YET_CLASSIFIED,NOT_ASSESSED,,PENDING_GSC,NO,
/materials,static,"Construction Materials in Chennai | Wholesale Cement, Steel, Sand | Buildogram",PENDING_GSC,PENDING_GSC,PENDING_GSC,PENDING_GSC,PENDING_GSC,NOT_YET_CLASSIFIED,NOT_ASSESSED,,PENDING_GSC,NO,
/materials/aggregates,materials,Buy Coarse Aggregates (Jelly) in Chennai | Buildogram,PENDING_GSC,PENDING_GSC,PENDING_GSC,PENDING_GSC,PENDING_GSC,NOT_YET_CLASSIFIED,NOT_ASSESSED,,PENDING_GSC,NO,
/materials/blocks,materials,Buy Concrete Blocks and Bricks in Chennai | Buildogram,PENDING_GSC,PENDING_GSC,PENDING_GSC,PENDING_GSC,PENDING_GSC,NOT_YET_CLASSIFIED,NOT_ASSESSED,,PENDING_GSC,NO,
/materials/bricks,static,,PENDING_GSC,PENDING_GSC,PENDING_GSC,PENDING_GSC,PENDING_GSC,NOT_YET_CLASSIFIED,NOT_ASSESSED,,PENDING_GSC,NO,
/materials/bricks-aac-blocks,static,Bricks & AAC Blocks in Chennai | Fly Ash & Red Bricks,PENDING_GSC,PENDING_GSC,PENDING_GSC,PENDING_GSC,PENDING_GSC,NOT_YET_CLASSIFIED,NOT_ASSESSED,,PENDING_GSC,NO,
/materials/cement,materials,Buy Cement in Chennai at Best Rates | Buildogram,PENDING_GSC,PENDING_GSC,PENDING_GSC,PENDING_GSC,PENDING_GSC,NOT_YET_CLASSIFIED,NOT_ASSESSED,,PENDING_GSC,NO,
/materials/construction-chemicals,materials,Construction Chemicals and Admixtures in Chennai | Buildogram,PENDING_GSC,PENDING_GSC,PENDING_GSC,PENDING_GSC,PENDING_GSC,NOT_YET_CLASSIFIED,NOT_ASSESSED,,PENDING_GSC,NO,
/materials/doors-windows,materials,Buy Doors and Windows in Chennai | Buildogram,PENDING_GSC,PENDING_GSC,PENDING_GSC,PENDING_GSC,PENDING_GSC,NOT_YET_CLASSIFIED,NOT_ASSESSED,,PENDING_GSC,NO,
/materials/electrical,materials,Buy Electrical Materials for Construction in Chennai | Buildogram,PENDING_GSC,PENDING_GSC,PENDING_GSC,PENDING_GSC,PENDING_GSC,NOT_YET_CLASSIFIED,NOT_ASSESSED,,PENDING_GSC,NO,
/materials/electrical-plumbing,static,,PENDING_GSC,PENDING_GSC,PENDING_GSC,PENDING_GSC,PENDING_GSC,NOT_YET_CLASSIFIED,NOT_ASSESSED,,PENDING_GSC,NO,
/materials/fabrication-steel,static,Fabrication Steel in Chennai | PEB & Structural Sections,PENDING_GSC,PENDING_GSC,PENDING_GSC,PENDING_GSC,PENDING_GSC,NOT_YET_CLASSIFIED,NOT_ASSESSED,,PENDING_GSC,NO,
/materials/finishing-materials,static,"Finishing Materials Chennai | Tiles, Paint, Hardware & Fixtures | Buildogram",PENDING_GSC,PENDING_GSC,PENDING_GSC,PENDING_GSC,PENDING_GSC,NOT_YET_CLASSIFIED,NOT_ASSESSED,,PENDING_GSC,NO,
/materials/m-sand,materials,Buy M-Sand in Chennai for Construction | Buildogram,PENDING_GSC,PENDING_GSC,PENDING_GSC,PENDING_GSC,PENDING_GSC,NOT_YET_CLASSIFIED,NOT_ASSESSED,,PENDING_GSC,NO,
/materials/msand-psand,static,M-Sand & P-Sand in Chennai | River Sand Alternatives,PENDING_GSC,PENDING_GSC,PENDING_GSC,PENDING_GSC,PENDING_GSC,NOT_YET_CLASSIFIED,NOT_ASSESSED,,PENDING_GSC,NO,
/materials/network,static,,PENDING_GSC,PENDING_GSC,PENDING_GSC,PENDING_GSC,PENDING_GSC,NOT_YET_CLASSIFIED,NOT_ASSESSED,,PENDING_GSC,NO,
/materials/paint,materials,Buy Paint & Wall Finishes in Chennai | Buildogram,PENDING_GSC,PENDING_GSC,PENDING_GSC,PENDING_GSC,PENDING_GSC,NOT_YET_CLASSIFIED,NOT_ASSESSED,,PENDING_GSC,NO,
/materials/piling-foundation-materials,static,"Piling & Foundation Materials Chennai | Casing, Bentonite | Buildogram",PENDING_GSC,PENDING_GSC,PENDING_GSC,PENDING_GSC,PENDING_GSC,NOT_YET_CLASSIFIED,NOT_ASSESSED,,PENDING_GSC,NO,
/materials/plumbing,materials,Buy Plumbing Materials in Chennai | Buildogram,PENDING_GSC,PENDING_GSC,PENDING_GSC,PENDING_GSC,PENDING_GSC,NOT_YET_CLASSIFIED,NOT_ASSESSED,,PENDING_GSC,NO,
/materials/ready-mix-concrete,materials,Ready Mix Concrete in Chennai | Buildogram,PENDING_GSC,PENDING_GSC,PENDING_GSC,PENDING_GSC,PENDING_GSC,NOT_YET_CLASSIFIED,NOT_ASSESSED,,PENDING_GSC,NO,
/materials/request-quote,static,,PENDING_GSC,PENDING_GSC,PENDING_GSC,PENDING_GSC,PENDING_GSC,NOT_YET_CLASSIFIED,NOT_ASSESSED,,PENDING_GSC,NO,
/materials/rmc,static,RMC (Ready Mix Concrete) in Chennai | Concrete Suppliers,PENDING_GSC,PENDING_GSC,PENDING_GSC,PENDING_GSC,PENDING_GSC,NOT_YET_CLASSIFIED,NOT_ASSESSED,,PENDING_GSC,NO,
/materials/roofing,materials,Buy Roofing Materials in Chennai | Buildogram,PENDING_GSC,PENDING_GSC,PENDING_GSC,PENDING_GSC,PENDING_GSC,NOT_YET_CLASSIFIED,NOT_ASSESSED,,PENDING_GSC,NO,
/materials/sand,materials,Buy River Sand and M-Sand in Chennai | Buildogram,PENDING_GSC,PENDING_GSC,PENDING_GSC,PENDING_GSC,PENDING_GSC,NOT_YET_CLASSIFIED,NOT_ASSESSED,,PENDING_GSC,NO,
/materials/steel,materials,Buy TMT Steel Bars in Chennai at Best Rates | Buildogram,PENDING_GSC,PENDING_GSC,PENDING_GSC,PENDING_GSC,PENDING_GSC,NOT_YET_CLASSIFIED,NOT_ASSESSED,,PENDING_GSC,NO,
/materials/tiles,materials,Buy Tiles & Flooring Materials in Chennai | Buildogram,PENDING_GSC,PENDING_GSC,PENDING_GSC,PENDING_GSC,PENDING_GSC,NOT_YET_CLASSIFIED,NOT_ASSESSED,,PENDING_GSC,NO,
/materials/tmt-steel,static,TMT Steel Bars for Construction in Chennai | Fe500D & Fe550D,PENDING_GSC,PENDING_GSC,PENDING_GSC,PENDING_GSC,PENDING_GSC,NOT_YET_CLASSIFIED,NOT_ASSESSED,,PENDING_GSC,NO,
/materials/waterproofing,materials,Buy Waterproofing Materials in Chennai | Buildogram,PENDING_GSC,PENDING_GSC,PENDING_GSC,PENDING_GSC,PENDING_GSC,NOT_YET_CLASSIFIED,NOT_ASSESSED,,PENDING_GSC,NO,
/materials/wood,materials,Buy Construction Wood and Timber in Chennai | Buildogram,PENDING_GSC,PENDING_GSC,PENDING_GSC,PENDING_GSC,PENDING_GSC,NOT_YET_CLASSIFIED,NOT_ASSESSED,,PENDING_GSC,NO,
/partner-os,static,Partner OS | Construction Partner Dashboard | Buildogram,PENDING_GSC,PENDING_GSC,PENDING_GSC,PENDING_GSC,PENDING_GSC,NOT_YET_CLASSIFIED,NOT_ASSESSED,,PENDING_GSC,NO,
/partners,static,"Find Builders, Contractors & Suppliers in Chennai | Buildogram",PENDING_GSC,PENDING_GSC,PENDING_GSC,PENDING_GSC,PENDING_GSC,NOT_YET_CLASSIFIED,NOT_ASSESSED,,PENDING_GSC,NO,
/partners/architects,static,Architects in Chennai | Design Partners | Buildogram,PENDING_GSC,PENDING_GSC,PENDING_GSC,PENDING_GSC,PENDING_GSC,NOT_YET_CLASSIFIED,NOT_ASSESSED,,PENDING_GSC,NO,
/partners/builders,static,Builders in Chennai | Construction Partner Network | Buildogram,PENDING_GSC,PENDING_GSC,PENDING_GSC,PENDING_GSC,PENDING_GSC,NOT_YET_CLASSIFIED,NOT_ASSESSED,,PENDING_GSC,NO,
/partners/contractors,static,Contractors in Chennai | Civil & MEP Contractors | Buildogram,PENDING_GSC,PENDING_GSC,PENDING_GSC,PENDING_GSC,PENDING_GSC,NOT_YET_CLASSIFIED,NOT_ASSESSED,,PENDING_GSC,NO,
/partners/directory,static,"Builders, Contractors, Architects & Suppliers | Buildogram",PENDING_GSC,PENDING_GSC,PENDING_GSC,PENDING_GSC,PENDING_GSC,NOT_YET_CLASSIFIED,NOT_ASSESSED,,PENDING_GSC,NO,
/partners/elevators,static,Elevator & Lift Contractors in Chennai | Home Lift Installation | Buildogram,PENDING_GSC,PENDING_GSC,PENDING_GSC,PENDING_GSC,PENDING_GSC,NOT_YET_CLASSIFIED,NOT_ASSESSED,,PENDING_GSC,NO,
/partners/interiors,static,Interior Designers in Chennai | Verified Interior Partners | Buildogram,PENDING_GSC,PENDING_GSC,PENDING_GSC,PENDING_GSC,PENDING_GSC,NOT_YET_CLASSIFIED,NOT_ASSESSED,,PENDING_GSC,NO,
/partners/register,static,Verified Profile,PENDING_GSC,PENDING_GSC,PENDING_GSC,PENDING_GSC,PENDING_GSC,NOT_YET_CLASSIFIED,NOT_ASSESSED,,PENDING_GSC,NO,
/partners/solar,static,Solar Panel Installers in Chennai | MNRE Approved Solar Partners | Buildogram,PENDING_GSC,PENDING_GSC,PENDING_GSC,PENDING_GSC,PENDING_GSC,NOT_YET_CLASSIFIED,NOT_ASSESSED,,PENDING_GSC,NO,
/partners/suppliers,static,Material Suppliers in Chennai | Verified Construction Suppliers | Buildogram,PENDING_GSC,PENDING_GSC,PENDING_GSC,PENDING_GSC,PENDING_GSC,NOT_YET_CLASSIFIED,NOT_ASSESSED,,PENDING_GSC,NO,
/partners/waterproofing,static,Waterproofing Contractors in Chennai | Terrace & Bathroom Waterproofing | Buildogram,PENDING_GSC,PENDING_GSC,PENDING_GSC,PENDING_GSC,PENDING_GSC,NOT_YET_CLASSIFIED,NOT_ASSESSED,,PENDING_GSC,NO,
/peb-building-contractors-chennai,static,PEB Building Contractors in Chennai | Pre-Engineered Buildings | Buildogram,PENDING_GSC,PENDING_GSC,PENDING_GSC,PENDING_GSC,PENDING_GSC,NOT_YET_CLASSIFIED,NOT_ASSESSED,,PENDING_GSC,NO,
/plan-review,static,Architectural Plan Review in Chennai | Structural Safety Check | Buildogram,PENDING_GSC,PENDING_GSC,PENDING_GSC,PENDING_GSC,PENDING_GSC,NOT_YET_CLASSIFIED,NOT_ASSESSED,,PENDING_GSC,NO,
/privacy-policy,static,Privacy Policy | Buildogram,PENDING_GSC,PENDING_GSC,PENDING_GSC,PENDING_GSC,PENDING_GSC,NOT_YET_CLASSIFIED,NOT_ASSESSED,,PENDING_GSC,NO,
/projects,static,Ocean-Safe Villa,PENDING_GSC,PENDING_GSC,PENDING_GSC,PENDING_GSC,PENDING_GSC,NOT_YET_CLASSIFIED,NOT_ASSESSED,,PENDING_GSC,NO,
/proof,static,Engineering Proof & Field Updates | Buildogram,PENDING_GSC,PENDING_GSC,PENDING_GSC,PENDING_GSC,PENDING_GSC,NOT_YET_CLASSIFIED,NOT_ASSESSED,,PENDING_GSC,NO,
/properties,static,Properties | Buildogram,PENDING_GSC,PENDING_GSC,PENDING_GSC,PENDING_GSC,PENDING_GSC,NOT_YET_CLASSIFIED,NOT_ASSESSED,,PENDING_GSC,NO,
/properties/buy,static,360° Property Listings in Chennai | Buildogram Marketplace,PENDING_GSC,PENDING_GSC,PENDING_GSC,PENDING_GSC,PENDING_GSC,NOT_YET_CLASSIFIED,NOT_ASSESSED,,PENDING_GSC,NO,
/properties/list-your-property,static,,PENDING_GSC,PENDING_GSC,PENDING_GSC,PENDING_GSC,PENDING_GSC,NOT_YET_CLASSIFIED,NOT_ASSESSED,,PENDING_GSC,NO,
/properties/rent,static,360° Verified Rentals | Buildogram,PENDING_GSC,PENDING_GSC,PENDING_GSC,PENDING_GSC,PENDING_GSC,NOT_YET_CLASSIFIED,NOT_ASSESSED,,PENDING_GSC,NO,
/property-passport,static,Property Passport OS | Digital Twin for Real Estate,PENDING_GSC,PENDING_GSC,PENDING_GSC,PENDING_GSC,PENDING_GSC,NOT_YET_CLASSIFIED,NOT_ASSESSED,,PENDING_GSC,NO,
/property/list,static,,PENDING_GSC,PENDING_GSC,PENDING_GSC,PENDING_GSC,PENDING_GSC,NOT_YET_CLASSIFIED,NOT_ASSESSED,,PENDING_GSC,NO,
/property/records,static,,PENDING_GSC,PENDING_GSC,PENDING_GSC,PENDING_GSC,PENDING_GSC,NOT_YET_CLASSIFIED,NOT_ASSESSED,,PENDING_GSC,NO,
/quality-system,static,Buildogram Quality System (BQS) | Stage-Wise Construction Quality Verification,PENDING_GSC,PENDING_GSC,PENDING_GSC,PENDING_GSC,PENDING_GSC,NOT_YET_CLASSIFIED,NOT_ASSESSED,,PENDING_GSC,NO,
/rentals,static,Verified Rentals in Chennai | Buildogram Property Passport™,PENDING_GSC,PENDING_GSC,PENDING_GSC,PENDING_GSC,PENDING_GSC,NOT_YET_CLASSIFIED,NOT_ASSESSED,,PENDING_GSC,NO,
/resources,static,Resources | Buildogram,PENDING_GSC,PENDING_GSC,PENDING_GSC,PENDING_GSC,PENDING_GSC,NOT_YET_CLASSIFIED,NOT_ASSESSED,,PENDING_GSC,NO,
/resources/chennai,static,,PENDING_GSC,PENDING_GSC,PENDING_GSC,PENDING_GSC,PENDING_GSC,NOT_YET_CLASSIFIED,NOT_ASSESSED,,PENDING_GSC,NO,
/resources/compare,static,,PENDING_GSC,PENDING_GSC,PENDING_GSC,PENDING_GSC,PENDING_GSC,NOT_YET_CLASSIFIED,NOT_ASSESSED,,PENDING_GSC,NO,
/resources/construction-guide,static,Construction Guide | Buildogram Resources,PENDING_GSC,PENDING_GSC,PENDING_GSC,PENDING_GSC,PENDING_GSC,NOT_YET_CLASSIFIED,NOT_ASSESSED,,PENDING_GSC,NO,
/resources/faqs,static,,PENDING_GSC,PENDING_GSC,PENDING_GSC,PENDING_GSC,PENDING_GSC,NOT_YET_CLASSIFIED,NOT_ASSESSED,,PENDING_GSC,NO,
/resources/glossary,static,,PENDING_GSC,PENDING_GSC,PENDING_GSC,PENDING_GSC,PENDING_GSC,NOT_YET_CLASSIFIED,NOT_ASSESSED,,PENDING_GSC,NO,
/resources/guides,static,,PENDING_GSC,PENDING_GSC,PENDING_GSC,PENDING_GSC,PENDING_GSC,NOT_YET_CLASSIFIED,NOT_ASSESSED,,PENDING_GSC,NO,
/resources/home-design-guide,static,Home Design Guide | Buildogram Resources,PENDING_GSC,PENDING_GSC,PENDING_GSC,PENDING_GSC,PENDING_GSC,NOT_YET_CLASSIFIED,NOT_ASSESSED,,PENDING_GSC,NO,
/resources/material-guide,static,Material Guide | Buildogram Resources,PENDING_GSC,PENDING_GSC,PENDING_GSC,PENDING_GSC,PENDING_GSC,NOT_YET_CLASSIFIED,NOT_ASSESSED,,PENDING_GSC,NO,
/resources/property-buying-guide,static,Property Buying Guide | Buildogram Resources,PENDING_GSC,PENDING_GSC,PENDING_GSC,PENDING_GSC,PENDING_GSC,NOT_YET_CLASSIFIED,NOT_ASSESSED,,PENDING_GSC,NO,
/review/contractor-quote,static,,PENDING_GSC,PENDING_GSC,PENDING_GSC,PENDING_GSC,PENDING_GSC,NOT_YET_CLASSIFIED,NOT_ASSESSED,,PENDING_GSC,NO,
/review/hidden-costs,static,,PENDING_GSC,PENDING_GSC,PENDING_GSC,PENDING_GSC,PENDING_GSC,NOT_YET_CLASSIFIED,NOT_ASSESSED,,PENDING_GSC,NO,
/review/specifications,static,,PENDING_GSC,PENDING_GSC,PENDING_GSC,PENDING_GSC,PENDING_GSC,NOT_YET_CLASSIFIED,NOT_ASSESSED,,PENDING_GSC,NO,
/services,static,Services | Buildogram,PENDING_GSC,PENDING_GSC,PENDING_GSC,PENDING_GSC,PENDING_GSC,NOT_YET_CLASSIFIED,NOT_ASSESSED,,PENDING_GSC,NO,
/services/boq-review,services,BOQ Review and Contractor Quote Audit in Chennai,PENDING_GSC,PENDING_GSC,PENDING_GSC,PENDING_GSC,PENDING_GSC,NOT_YET_CLASSIFIED,OV01_CONFIRMED_INHOUSE,,PENDING_GSC,NO,
/services/construction-consultation,services,Construction Consultation Services in Chennai,PENDING_GSC,PENDING_GSC,PENDING_GSC,PENDING_GSC,PENDING_GSC,NOT_YET_CLASSIFIED,OV01_CONFIRMED_INHOUSE,,PENDING_GSC,NO,
/services/construction-cost-consultation,services,Construction Cost Consultation in Chennai,PENDING_GSC,PENDING_GSC,PENDING_GSC,PENDING_GSC,PENDING_GSC,NOT_YET_CLASSIFIED,OV01_CONFIRMED_INHOUSE,,PENDING_GSC,NO,
/services/construction-project-management,services,Construction Project Management (PMC) in Chennai,PENDING_GSC,PENDING_GSC,PENDING_GSC,PENDING_GSC,PENDING_GSC,NOT_YET_CLASSIFIED,OV01_CONFIRMED_INHOUSE,,PENDING_GSC,NO,
/services/duplex-house-construction,services,Duplex House Construction in Chennai,PENDING_GSC,PENDING_GSC,PENDING_GSC,PENDING_GSC,PENDING_GSC,NOT_YET_CLASSIFIED,OV01_CONFIRMED_INHOUSE,,PENDING_GSC,NO,
/services/home-construction-for-rental-income,services,Home Construction for Rental Income in Chennai,PENDING_GSC,PENDING_GSC,PENDING_GSC,PENDING_GSC,PENDING_GSC,NOT_YET_CLASSIFIED,OV01_CONFIRMED_INHOUSE,,PENDING_GSC,NO,
/services/home-construction-for-resale-value,services,Build for Maximum Resale Value in Chennai,PENDING_GSC,PENDING_GSC,PENDING_GSC,PENDING_GSC,PENDING_GSC,NOT_YET_CLASSIFIED,OV01_CONFIRMED_INHOUSE,,PENDING_GSC,NO,
/services/house-construction,services,House Construction Services in Chennai,PENDING_GSC,PENDING_GSC,PENDING_GSC,PENDING_GSC,PENDING_GSC,NOT_YET_CLASSIFIED,OV01_CONFIRMED_INHOUSE,,PENDING_GSC,NO,
/services/house-plan-review,services,House Plan Review Service in Chennai,PENDING_GSC,PENDING_GSC,PENDING_GSC,PENDING_GSC,PENDING_GSC,NOT_YET_CLASSIFIED,OV01_CONFIRMED_INHOUSE,,PENDING_GSC,NO,
/services/quality-inspection,services,Construction Quality Inspection in Chennai,PENDING_GSC,PENDING_GSC,PENDING_GSC,PENDING_GSC,PENDING_GSC,NOT_YET_CLASSIFIED,OV01_CONFIRMED_INHOUSE,,PENDING_GSC,NO,
/services/renovation-construction,services,Home Renovation Services in Chennai,PENDING_GSC,PENDING_GSC,PENDING_GSC,PENDING_GSC,PENDING_GSC,NOT_YET_CLASSIFIED,OV01_CONFIRMED_INHOUSE,,PENDING_GSC,NO,
/services/residential-construction,services,Residential Construction Services in Chennai,PENDING_GSC,PENDING_GSC,PENDING_GSC,PENDING_GSC,PENDING_GSC,NOT_YET_CLASSIFIED,OV01_CONFIRMED_INHOUSE,,PENDING_GSC,NO,
/services/site-supervision,services,Construction Site Supervision Services in Chennai,PENDING_GSC,PENDING_GSC,PENDING_GSC,PENDING_GSC,PENDING_GSC,NOT_YET_CLASSIFIED,OV01_CONFIRMED_INHOUSE,,PENDING_GSC,NO,
/services/turnkey-construction,services,End-to-End Construction Services in Chennai,PENDING_GSC,PENDING_GSC,PENDING_GSC,PENDING_GSC,PENDING_GSC,NOT_YET_CLASSIFIED,OV01_CONFIRMED_INHOUSE,,PENDING_GSC,NO,
/services/villa-construction,services,Villa Construction Services in Chennai,PENDING_GSC,PENDING_GSC,PENDING_GSC,PENDING_GSC,PENDING_GSC,NOT_YET_CLASSIFIED,OV01_CONFIRMED_INHOUSE,,PENDING_GSC,NO,
/specifications,static,Architectural Plans,PENDING_GSC,PENDING_GSC,PENDING_GSC,PENDING_GSC,PENDING_GSC,NOT_YET_CLASSIFIED,NOT_ASSESSED,,PENDING_GSC,NO,
/steel-construction-chennai,static,Steel Structure Construction in Chennai | Structural Steel Buildings | Buildogram,PENDING_GSC,PENDING_GSC,PENDING_GSC,PENDING_GSC,PENDING_GSC,NOT_YET_CLASSIFIED,NOT_ASSESSED,,PENDING_GSC,NO,
/structural-plan-review-chennai,static,Structural Plan Review in Chennai | IS Code Compliance | Buildogram,PENDING_GSC,PENDING_GSC,PENDING_GSC,PENDING_GSC,PENDING_GSC,NOT_YET_CLASSIFIED,NOT_ASSESSED,,PENDING_GSC,NO,
/terms,static,Terms of Service | Buildogram,PENDING_GSC,PENDING_GSC,PENDING_GSC,PENDING_GSC,PENDING_GSC,NOT_YET_CLASSIFIED,NOT_ASSESSED,,PENDING_GSC,NO,
/warranty-and-maintenance,static,Plan & BOQ Sign-Off,PENDING_GSC,PENDING_GSC,PENDING_GSC,PENDING_GSC,PENDING_GSC,NOT_YET_CLASSIFIED,NOT_ASSESSED,,PENDING_GSC,NO,
